tipster_id,sport_id,bookie_id,bet_type,sub_type,competition,event,pick,stake,odds,event_date,analysis,screenshot_path,status,result,profit
5,1,6,pre_match,simple,LaLiga EA Sports,Girona - Las Palmas,Daley Blind mas de 0.5 faltas,1.0,1.83,2023-09-03,Análisis generado automáticamente.,picks/5/placeholder.webp,lost,-1.0,-1.0
5,1,10,pre_match,simple,LaLiga EA Sports,Girona - Las Palmas,Las Palmas mas de 8.5 tiros,1.0,2.0,2023-09-03,Análisis generado automáticamente.,picks/5/placeholder.webp,won,1.0,1.0
5,1,4,pre_match,simple,Clasificación Europeo U21,San Marino - Noruega,Noruega gana a 0 y marca en ambas partes,1.0,1.61,2023-09-07,Análisis generado automáticamente.,picks/5/placeholder.webp,won,0.61,0.61
5,1,6,pre_match,combined,Clasificación Europeo U21 Clasificación Eurocopa,San Marino u21 - Noruega u21  Dinamarca - San Marino,Segundo gol del partido entre el minuto 1 y el minuto 55 Segundo gol del partido entre el minuto 1 y el minuto 55,1.5,1.52,2023-09-07,Análisis generado automáticamente.,picks/5/placeholder.webp,won,0.78,0.78
5,1,7,pre_match,combined,Europeo U21 Clasificación Eurocopa,San Marino sub 21 - Noruega sub 21  Dinamarca - San Marino,Total individual 1: 0 goles Total individual 2: 0 goles,1.5,1.52,2023-09-07,Análisis generado automáticamente.,picks/5/placeholder.webp,won,0.78,0.78
5,1,2,pre_match,combined,Europeo U21 Clasificación Eurocopa,Georgia u21 - Gibraltar u21  Bosnia Herzegovina - Lietchtenstein,Ambos no marcan Ambos no marcan,1.0,1.91,2023-09-08,Análisis generado automáticamente.,picks/5/placeholder.webp,lost,-1.0,-1.0
5,1,4,pre_match,simple,Clasificación Eurocopa,San Marino - Eslovenia,Eslovenia gana a 0 y Eslovenia marca en ambas partes,1.0,1.73,2023-09-10,Análisis generado automáticamente.,picks/5/placeholder.webp,won,0.73,0.73
5,1,10,pre_match,simple,Clasificación Eurocopa,Grecia - Gibraltar,Ambos no marcan y mas de 2.5 goels,1.0,1.6,2023-09-10,Análisis generado automáticamente.,picks/5/placeholder.webp,won,0.6,0.6
5,1,1,pre_match,combined,Clasificación Eurocopa Clasificación Eurocopa,Grecia - Gibraltar  San Marino - Eslovenia,Ambos no marcan Ambos no marcan,1.0,1.56,2023-09-10,Análisis generado automáticamente.,picks/5/placeholder.webp,won,0.56,0.56
5,1,4,pre_match,simple,Clasificación Eurocopa,Eslovaquia - Liechtenstein,Eslovaquia 6 o mas corners que Liechtenstein,1.0,1.64,2023-09-11,Análisis generado automáticamente.,picks/5/placeholder.webp,lost,-1.0,-1.0
5,1,5,pre_match,combined,Clasificación Europeo U21 Clasificación Eurocopa,Rep. Irlanda - San Marino  San Marino - Eslovenia,San Marino no marca San Marino no marca,1.5,1.66,2023-09-12,Análisis generado automáticamente.,picks/5/placeholder.webp,won,0.99,0.99
5,1,5,pre_match,simple,Premier League,Fulham - Luton,Andreas Pereira 34 o mas pases,1.0,1.85,2023-09-16,Análisis generado automáticamente.,picks/5/placeholder.webp,won,0.85,0.85
5,1,7,pre_match,simple,Premier League,Fulham - Luton,Reed 47 o mas pases,1.0,1.85,2023-09-16,Análisis generado automáticamente.,picks/5/placeholder.webp,lost,-1.0,-1.0
5,1,9,pre_match,simple,Premier League,Fulham - Luton,Tete 47 o mas pases,1.0,1.85,2023-09-16,Análisis generado automáticamente.,picks/5/placeholder.webp,won,0.85,0.85
5,1,3,pre_match,simple,LaLiga EA Sports,Getafe - Osasuna,Mas de 7.5 tarjetas,0.5,2.6,2023-09-17,Análisis generado automáticamente.,picks/5/placeholder.webp,won,0.8,0.8
5,1,8,pre_match,combined,LaLiga EA Sports,Valencia - Atletico  Frosinone - Sassuolo,Atlético gana o empata Frosinone portería a 0: NO,1.0,1.57,2023-09-17,Análisis generado automáticamente.,picks/5/placeholder.webp,lost,-1.0,-1.0
5,1,4,pre_match,combined,LaLiga EA Sports LaLiga EA Sports,Celta - Mallorca  Granada - Girona,Mallorca mas de 5.5 remates Granada portería a 0: NO,1.0,1.62,2023-09-18,Análisis generado automáticamente.,picks/5/placeholder.webp,won,0.62,0.62
5,1,4,pre_match,simple,UEFA Champions League,Benfica - Salzburgo,"Crear apuesta: Salzbugo 1 o mas corners, Salzburgo mas de 6.5 remates y cada equipo 1 o mas tarjetas",1.0,1.61,2023-09-20,Análisis generado automáticamente.,picks/5/placeholder.webp,won,0.61,0.61
5,1,10,pre_match,combined,UEFA Champions League UEFA Champions League,Barcelona - Antwerp  Real Madrid - Union Berlin,Gana Barcelona Gana Madrid,1.0,1.66,2023-09-20,Análisis generado automáticamente.,picks/5/placeholder.webp,won,0.66,0.66
5,1,7,pre_match,combined,UEFA Europa League UEFA Europa League,Panathinaikos - Villarreal  Sturm Graz - Sporting de Portugal,Villarreal empata o gana Sporting empata o gana,1.0,1.7,2023-09-21,Análisis generado automáticamente.,picks/5/placeholder.webp,lost,-1.0,-1.0
5,1,7,pre_match,combined,LaLiga EA Sports LaLiga EA Sports,Girona - Mallorca  Osasuna - Sevilla,Mallorca mas de 5.5 remates Mas de 1.5 goles,1.0,1.66,2023-09-23,Análisis generado automáticamente.,picks/5/placeholder.webp,lost,-1.0,-1.0
5,1,4,pre_match,simple,Premier League,Luton Town - Wolverhampton,Kilman 90 o mas pases,0.25,6.0,2023-09-23,Análisis generado automáticamente.,picks/5/placeholder.webp,lost,-0.25,-0.25
5,1,10,pre_match,simple,Premier League,Luton Town - Wolverhampton,Lemina 55 o mas pases,1.0,1.84,2023-09-23,Análisis generado automáticamente.,picks/5/placeholder.webp,lost,-1.0,-1.0
5,1,4,pre_match,simple,Premier League,Luton Town - Wolverhamtpon,Dawson 67 o mas pases,1.0,1.84,2023-09-23,Análisis generado automáticamente.,picks/5/placeholder.webp,lost,-1.0,-1.0
5,1,9,pre_match,simple,Premier League,Sheffield - Newcastle,Schar 55 o mas pases completados,1.0,2.12,2023-09-24,Análisis generado automáticamente.,picks/5/placeholder.webp,won,1.12,1.12
5,1,1,pre_match,simple,LaLiga EA Sports,Rayo Vallecano - Villarreal,Mas de 35.5 saques de banda,1.0,1.87,2023-09-24,Análisis generado automáticamente.,picks/5/placeholder.webp,lost,-1.0,-1.0
5,1,9,pre_match,combined,Premier League Serie A,Man City - Nottingham Forest  Milan - Verona,Gana el City Gana el Milan,1.0,1.58,2023-09-24,Análisis generado automáticamente.,picks/5/placeholder.webp,won,0.58,0.58
5,1,2,pre_match,simple,LaLiga EA Sports,Sevilla - Almeria,Centelles 1 o mas faltas,1.0,1.83,2023-09-26,Análisis generado automáticamente.,picks/5/placeholder.webp,won,0.83,0.83
5,1,6,pre_match,simple,La Liga EA Sports,Mallorca - Barcelona,Crear apuesta: Gana Barcelona + cada equipo 1 o mas tarjetas,1.0,1.74,2023-09-26,Análisis generado automáticamente.,picks/5/placeholder.webp,lost,-1.0,-1.0
5,1,1,pre_match,simple,DFB Pokal,Munster - Bayern Munich,Ambos no marcan,1.5,1.5,2023-09-26,Análisis generado automáticamente.,picks/5/placeholder.webp,won,0.75,0.75
5,1,9,pre_match,simple,DFB Pokal,Wehen - Leipzig,Ambos no marcan,1.0,1.89,2023-09-27,Análisis generado automáticamente.,picks/5/placeholder.webp,lost,-1.0,-1.0
5,1,9,pre_match,combined,LaLiga EA Sports LaLiga EA Sports,Real Madrid - Las Palmas  Osasuna - Atlético,Gana Real Madrid Atlético empata o gana,1.0,1.62,2023-09-28,Análisis generado automáticamente.,picks/5/placeholder.webp,won,0.62,0.62
5,1,9,pre_match,simple,LaLiga EA Sports,Betis - Valencia,Betis mas de 1.0 goles,1.0,1.56,2023-10-01,Análisis generado automáticamente.,picks/5/placeholder.webp,won,0.56,0.56
5,1,1,pre_match,combined,UEFA Champions League UEFA Champions League,Copenhague - Bayern Munich  Napoli - Real Madrid,Gana el Bayern Real Madrid marca,1.0,1.53,2023-10-03,Análisis generado automáticamente.,picks/5/placeholder.webp,won,0.53,0.53
5,1,5,pre_match,simple,UEFA Europa League,Betis - Sparta de Praga,Gana el Betis,1.0,1.72,2023-10-05,Análisis generado automáticamente.,picks/5/placeholder.webp,won,0.72,0.72
5,1,3,pre_match,combined,LaLiga EA Sports Premier League,Athletic Club - Almeria  Luton Town - Tottenham,Almeria mas de 6.5 remates Luton mas de 7.5 remates,1.0,1.7,2023-10-07,Análisis generado automáticamente.,picks/5/placeholder.webp,lost,-1.0,-1.0
5,1,7,pre_match,simple,Premier League,Arsenal - Man City,Guardiol 1 o mas faltas,1.0,1.67,2023-10-08,Análisis generado automáticamente.,picks/5/placeholder.webp,won,0.67,0.67
5,1,10,pre_match,combined,LaLiga EA Sports LaLiga EA Sports,Atlético de Madrid - Real Sociedad  Granada - Barcelona,Real Sociedad gana con handicap +1.5 Granada mas de 7.5 remates,1.0,1.66,2023-10-08,Análisis generado automáticamente.,picks/5/placeholder.webp,lost,-1.0,-1.0
5,1,4,pre_match,simple,LaLiga EA Sports,Celta - Getafe,Mas de 5.5 tarjetas,1.0,1.7,2023-10-08,Análisis generado automáticamente.,picks/5/placeholder.webp,won,0.7,0.7
5,1,7,pre_match,combined,Clasificación Europeo U21 Clasificación Eurocopa,Turquia sub 21 - San Marino sub 21  Irlanda del Norte - San Marino,Ambos no marcan Ambos no marcan,1.0,1.67,2023-10-15,Análisis generado automáticamente.,picks/5/placeholder.webp,won,0.67,0.67
5,1,1,pre_match,simple,Clasificación Eurocopa,Luxemburgo - Eslovaquia,Mas de 4.5 tarjetas,1.0,2.05,2023-10-16,Análisis generado automáticamente.,picks/5/placeholder.webp,won,1.05,1.05
5,1,4,pre_match,simple,Clasificación Eurocopa,Islandia - Lietchtenstein,Menos de 3.5 amarillas,1.0,1.68,2023-10-16,Análisis generado automáticamente.,picks/5/placeholder.webp,won,0.68,0.68
5,1,3,pre_match,simple,Clasificación Eurocopa,Gibraltar - Irlanda,Menos de 3.0 tarjetas,1.0,1.9,2023-10-16,Análisis generado automáticamente.,picks/5/placeholder.webp,lost,-1.0,-1.0
5,1,7,pre_match,simple,Clasificación Europeo U21,Gibraltar sub21 - Paises Bajos sub21,Mas de 13.5 corners,0.5,3.75,2023-10-17,Análisis generado automáticamente.,picks/5/placeholder.webp,lost,-0.5,-0.5
5,1,3,pre_match,simple,Clasificación Europeo U21,Kazakhstan sub21 - España sub21,Ambos no marcan,1.0,1.7,2023-10-17,Análisis generado automáticamente.,picks/5/placeholder.webp,won,0.7,0.7
5,1,6,pre_match,combined,Clasificación Europeo U21 Clasificación Eurocopa,Gibraltar sub 21 - Paises Bajos sub 21  Francia sub 21 - Chipre sub 21,Ambos no marcan Ambos no marcan,1.0,1.79,2023-10-17,Análisis generado automáticamente.,picks/5/placeholder.webp,won,0.79,0.79
5,1,3,pre_match,combined,Clasificación Eurocopa Clasificación Eurocopa,Islandia - Liechtenstein  San Marino - Dinamarca,No marcan ambos Crear apuesta: Dinamarca marca en ambas partes + ambos no marcan,1.0,1.71,2023-10-17,Análisis generado automáticamente.,picks/5/placeholder.webp,lost,-1.0,-1.0
5,1,7,pre_match,simple,Copa Bwin (Taça da Liga),Olivais - Sporting Portugal,Ambos no marcan,1.0,1.52,2023-10-21,Análisis generado automáticamente.,picks/5/placeholder.webp,lost,-1.0,-1.0
5,1,6,pre_match,simple,LaLiga EA Sports,Real Sociedad - Mallorca,Gana Real Sociedad,1.0,1.6,2023-10-21,Análisis generado automáticamente.,picks/5/placeholder.webp,won,0.6,0.6
5,1,4,pre_match,simple,LaLiga EA Sports,Sevilla - Real Madrid,Navas 1 o mas faltas,1.0,1.85,2023-10-21,Análisis generado automáticamente.,picks/5/placeholder.webp,won,0.85,0.85
5,1,10,pre_match,combined,Premier League Premier League,Manchester City - Brighton  Sheffield United - Manchester United,Gana Manchester City Sheffield mas de 6.5 tiros,1.0,1.75,2023-10-21,Análisis generado automáticamente.,picks/5/placeholder.webp,won,0.75,0.75
5,1,2,pre_match,simple,Premier League,Forest - Luton,Nakamba 39 o mas pases,1.0,1.84,2023-10-21,Análisis generado automáticamente.,picks/5/placeholder.webp,won,0.84,0.84
5,1,4,pre_match,simple,LaLiga EA Sports,Barcelona - Athletic Club,Joao Cancelo 1 o mas remates,1.0,1.72,2023-10-22,Análisis generado automáticamente.,picks/5/placeholder.webp,won,0.72,0.72
5,1,3,pre_match,combined,Premier League,Forest - Luton  Girona - Almería,Luton mas de 7.5 remates Almería gana con handicap 2.0,1.0,1.75,2023-10-22,Análisis generado automáticamente.,picks/5/placeholder.webp,lost,-1.0,-1.0
5,1,5,pre_match,combined,Clasificación UEFA Champions League Clasificación UEFA Champions League,Barcelona - Shakthar Donetsk  Celtic de Glasgow - Atlético de Madrid,Shakthar mas de 5.5 remates Atlético de Madrid empata o gana,1.0,1.82,2023-10-25,Análisis generado automáticamente.,picks/5/placeholder.webp,won,0.82,0.82
5,1,2,pre_match,combined,Clasificación UEFA Champions League Clasificación UEFA Champions League,Inter de Milan - Salzburgo  Antwerp - Porto,Salzburgo mas de 6.5 remates Porto empata o gana,1.0,1.62,2023-10-25,Análisis generado automáticamente.,picks/5/placeholder.webp,won,0.62,0.62
5,1,5,pre_match,simple,LaLiga EA Sports,Barcelona - Real Madrid,Crear apuesta: Araujo mas de 0.5 entradas + Carvajal mas de 0.5 faltas,1.0,1.66,2023-10-28,Análisis generado automáticamente.,picks/5/placeholder.webp,won,0.66,0.66
5,1,9,pre_match,simple,Premier League,West Ham - Everton,Jarrad Branthwaite 41 o mas pases,1.0,1.6,2023-10-29,Análisis generado automáticamente.,picks/5/placeholder.webp,won,0.6,0.6
5,1,4,pre_match,combined,Copa del Rey Copa del Rey,Peña Deportiva - Valladoid  Europa - Elche,Se clasifica el Valladolid Se clasifica el Elche,1.0,1.67,2023-11-01,Análisis generado automáticamente.,picks/5/placeholder.webp,won,0.67,0.67
5,1,7,pre_match,simple,Copa del Rey,Badalona Futur - Cadiz,Cadiz mas de 1.5 goles,1.0,1.7,2023-11-01,Análisis generado automáticamente.,picks/5/placeholder.webp,lost,-1.0,-1.0
5,1,7,pre_match,simple,Copa del Rey,San Roque de Lepe - Girona,Mas de 8.5 corners,1.0,1.6,2023-11-01,Análisis generado automáticamente.,picks/5/placeholder.webp,won,0.6,0.6
5,1,5,pre_match,simple,Copa del Rey,Tardienta - Getafe,Ambos no marcan,1.0,1.8,2023-11-01,Análisis generado automáticamente.,picks/5/placeholder.webp,won,0.8,0.8
5,1,10,pre_match,combined,Copa del Rey Copa del Rey,Turregano - Celta  Boiro - Mallorca,Ambos no marcan Ambos no marcan,1.0,1.76,2023-11-01,Análisis generado automáticamente.,picks/5/placeholder.webp,won,0.76,0.76
5,1,3,pre_match,simple,Copa del Rey,Quintanar de la orden - Sevilla,Ambos no marcan,1.0,1.9,2023-11-01,Análisis generado automáticamente.,picks/5/placeholder.webp,won,0.9,0.9
5,1,10,pre_match,combined,Copa del Rey Copa del Rey,Hernan Cortes - Betis  Rubi - Athletic,Ambos no marcan Ambos no marcan,1.0,1.74,2023-11-01,Análisis generado automáticamente.,picks/5/placeholder.webp,lost,-1.0,-1.0
5,1,4,pre_match,simple,Copa del Rey,Buñol - Real Sociedad,Ambos no marcan,1.0,1.52,2023-11-01,Análisis generado automáticamente.,picks/5/placeholder.webp,won,0.52,0.52
5,1,6,pre_match,simple,Copa del Rey,Deportivo Murcia - Alavés,Ambos no marca,1.0,2.5,2023-11-02,Análisis generado automáticamente.,picks/5/placeholder.webp,won,1.5,1.5
5,1,3,pre_match,simple,Premier League,Brentford - West Ham,Soucek 25 o mas pases,1.0,1.82,2023-11-04,Análisis generado automáticamente.,picks/5/placeholder.webp,won,0.82,0.82
5,1,10,pre_match,combined,LaLiga EA Sports LaLiga EA Sports,Osasuna - Girona  Alavés - Almería,Osasuna mas de 0.5 goles Mas de 3.5 tarjetas,1.0,1.57,2023-11-04,Análisis generado automáticamente.,picks/5/placeholder.webp,won,0.57,0.57
5,1,8,pre_match,combined,Ligue 1 LaLiga EA Sports,PSG - Montpellier  Real Madrid - Rayo Vallecano,Gana el PSG Gana el Real Madrid,1.0,1.6,2023-11-05,Análisis generado automáticamente.,picks/5/placeholder.webp,lost,-1.0,-1.0
5,1,4,pre_match,simple,LaLiga EA Sports,Getafe - Cádiz,Mas de 8.5 tarjetas,0.25,3.25,2023-11-06,Análisis generado automáticamente.,picks/5/placeholder.webp,lost,-0.25,-0.25
5,1,7,pre_match,combined,Clasificación UEFA Champions League Clasificación UEFA Champions League,Borussia Dortmund - Newcastle United  Porto - Antwerp,Gana el Borussia con handicap +1.0 Gane el Porto,1.0,1.63,2023-11-07,Análisis generado automáticamente.,picks/5/placeholder.webp,won,0.63,0.63
5,1,7,pre_match,simple,Clasificación UEFA Champions League,Arsenal - Sevilla,Adriá Pedrosa 1 o mas faltas,1.0,1.91,2023-11-08,Análisis generado automáticamente.,picks/5/placeholder.webp,lost,-1.0,-1.0
5,1,6,pre_match,combined,Clasificación UEFA Champions League Clasificación UEFA Champions League,Real Madrid - Sporting de Braga  Real Betis - Aris de Salonica,Gana el Real Madrid Gana el Real Betis,1.0,1.59,2023-11-09,Análisis generado automáticamente.,picks/5/placeholder.webp,won,0.59,0.59
5,1,7,pre_match,combined,Premier League LaLiga EA Sports,Manchester United - Luton Town  Almería - Real Sociedad,Gana Manchester United Real Sociedad empata o gana,1.0,1.61,2023-11-11,Análisis generado automáticamente.,picks/5/placeholder.webp,won,0.61,0.61
5,1,4,pre_match,simple,LaLiga EA Sports,Real Madrid - Valencia,Gabriel Paulista 1 o mas faltas,1.0,1.67,2023-11-11,Análisis generado automáticamente.,picks/5/placeholder.webp,won,0.67,0.67
5,1,8,pre_match,simple,Premier League,Bournemouth - Newcastle,Crear apuesta (mirar explicación),1.0,1.75,2023-11-11,Análisis generado automáticamente.,picks/5/placeholder.webp,lost,-1.0,-1.0
5,1,8,pre_match,simple,LaLiga EA Sports,Sevilla - Betis,Mas de 6.5 tarjetas,1.0,1.83,2023-11-12,Análisis generado automáticamente.,picks/5/placeholder.webp,lost,-1.0,-1.0
5,1,9,pre_match,combined,LaLiga EA Sports LaLiga EA Sports,Granada - Getafe  Barcelona - Alavés,Mas de 4.5 tarjetas Gana el Barcelona,1.0,1.5,2023-11-12,Análisis generado automáticamente.,picks/5/placeholder.webp,won,0.5,0.5
5,1,2,pre_match,simple,LaLiga EA Sports,Alaves - Granada,Crear apuesta (Leer descripción),1.0,1.57,2023-11-24,Análisis generado automáticamente.,picks/5/placeholder.webp,won,0.57,0.57
5,1,9,pre_match,simple,Premier League,Sheffield Untied - Bournemouth,Adam Smith 35 o mas pases COMPLETADOS,0.25,3.55,2023-11-25,Análisis generado automáticamente.,picks/5/placeholder.webp,won,0.64,0.64
5,1,7,pre_match,simple,LaLiga EA Sports,Getafe - Almería,Mas de 8.5 tarjetas,0.25,4.0,2023-11-25,Análisis generado automáticamente.,picks/5/placeholder.webp,lost,-0.25,-0.25
5,1,8,pre_match,simple,Premier League,Sheffield United - Bournemouth,Ryan Christie 35 o mas pases,1.0,1.84,2023-11-25,Análisis generado automáticamente.,picks/5/placeholder.webp,won,0.84,0.84
5,1,3,pre_match,simple,Taça de Portugal,Sporting CP - Dumiense,Ambos no marcan,1.0,1.63,2023-11-26,Análisis generado automáticamente.,picks/5/placeholder.webp,won,0.63,0.63
5,1,9,pre_match,combined,Premier League LaLiga EA Sports,Tottenham - Aston Villa  Cadiz - Real Madrid,Gana Aston VIlla +1.0 Cadiz mas de 6.5 remates,1.0,1.56,2023-11-26,Análisis generado automáticamente.,picks/5/placeholder.webp,won,0.56,0.56
5,1,6,pre_match,simple,UEFA Champions League,Barcelona - Porto,Crear apuesta (Mirar descripción),1.0,1.57,2023-11-28,Análisis generado automáticamente.,picks/5/placeholder.webp,won,0.57,0.57
5,1,5,pre_match,simple,UEFA Europa League,Molde - Qarabag,Mas de 3.5 amarillas,1.0,1.76,2023-11-30,Análisis generado automáticamente.,picks/5/placeholder.webp,won,0.76,0.76
5,1,8,pre_match,simple,LaLiga EA Sports,Athletic Club - Rayo Vallecano,Iñigo Lekue 1 o mas faltas,1.0,1.8,2023-12-02,Análisis generado automáticamente.,picks/5/placeholder.webp,lost,-1.0,-1.0
5,1,2,pre_match,simple,LaLiga EA Sports,Sevilla - Villarreal,Crear apuesta: Leer descripción,1.0,1.61,2023-12-03,Análisis generado automáticamente.,picks/5/placeholder.webp,won,0.61,0.61
5,1,2,pre_match,simple,LaLiga EA Sports,FC Barcelona - Atlético de Madrid,Nahuel Molina 1 o mas faltas,1.0,1.7,2023-12-03,Análisis generado automáticamente.,picks/5/placeholder.webp,lost,-1.0,-1.0
5,1,9,pre_match,simple,LaLiga EA Sports,FC Barcelona - Atletico de Madrid,Raphinha 1 o mas faltas,1.0,1.7,2023-12-03,Análisis generado automáticamente.,picks/5/placeholder.webp,lost,-1.0,-1.0
5,1,2,pre_match,combined,LaLiga EA Sports Premier League,Real Madrid - Granada  Manchester City - Tottenham,Granada mas de 5.5 remates Gana Manchester City,1.0,1.65,2023-12-03,Análisis generado automáticamente.,picks/5/placeholder.webp,lost,-1.0,-1.0
5,1,7,pre_match,simple,Copa del Rey,Villanovense - Real Betis,Gana el Betis con handicap -1.5,1.0,1.61,2023-12-06,Análisis generado automáticamente.,picks/5/placeholder.webp,lost,-1.0,-1.0
5,1,9,pre_match,simple,LaLiga EA Sports,Andratx - Real Sociedad,Gana la Real Sociedad con handicap -1.5,1.0,1.66,2023-12-06,Análisis generado automáticamente.,picks/5/placeholder.webp,lost,-1.0,-1.0
5,1,10,pre_match,combined,Premier League Premier League,Everton - Newcastle  Tottenham - West Ham,Idrissa Gueye mas de 0.5 faltas Gio Lo Celso mas de 0.5 remates,1.0,1.66,2023-12-07,Análisis generado automáticamente.,picks/5/placeholder.webp,won,0.66,0.66
5,1,9,pre_match,simple,Premier League,Luton - Manchester City,Grealish mas de 0.5 remates a puerta,1.0,1.68,2023-12-10,Análisis generado automáticamente.,picks/5/placeholder.webp,won,0.68,0.68
5,1,4,pre_match,simple,Premier League,Tottenham - Newcastle,Crear apuesta: Pedro Porro y Trippier cometen falta,1.0,1.8,2023-12-10,Análisis generado automáticamente.,picks/5/placeholder.webp,won,0.8,0.8
5,1,9,pre_match,simple,UEFA Champions League,Inter de Milan - Real Sociedad,Real Sociedad handicap asiatico +1.0,1.0,1.5,2023-12-12,Análisis generado automáticamente.,picks/5/placeholder.webp,won,0.5,0.5
5,1,3,pre_match,simple,UEFA Champions League,Copenhague - Galatasaray,Crear apuesta,1.0,1.61,2023-12-12,Análisis generado automáticamente.,picks/5/placeholder.webp,lost,-1.0,-1.0
5,1,2,pre_match,simple,UEFA Champions League,PSV - Arsenal,Crear apuesta: Leer descripción,1.0,1.66,2023-12-12,Análisis generado automáticamente.,picks/5/placeholder.webp,won,0.66,0.66
5,1,8,pre_match,combined,UEFA Champions League UEFA Champions League,Copenhague - Galatasaray  Salzburgo - Benfica,Mas de 23.5 remates Mas de 21.5 remates,1.0,1.73,2023-12-12,Análisis generado automáticamente.,picks/5/placeholder.webp,won,0.73,0.73
5,1,3,pre_match,simple,UEFA Champions League,Amberes - Barcelona,Crear apuestas,1.0,1.61,2023-12-13,Análisis generado automáticamente.,picks/5/placeholder.webp,lost,-1.0,-1.0
5,1,5,pre_match,combined,UEFA Champions League UEFA Champions League,Napoli - Braga  Newcastle - Milan,Braga mas de 7.5 remates Mas de 22.5 remates,1.0,1.5,2023-12-13,Análisis generado automáticamente.,picks/5/placeholder.webp,won,0.5,0.5
5,1,6,pre_match,simple,UEFA Europa Conference League,Mostar - Aston Villa,Menos de 3.5 tarjetas,1.0,1.8,2023-12-14,Análisis generado automáticamente.,picks/5/placeholder.webp,lost,-1.0,-1.0
5,1,6,pre_match,combined,Premier League LaLiga EA Sports,Burnley - Everton  Sevilla - Getafe,Sander Berge mas de 0.5 faltas cometidas Mas de 4.5 tarjetas,1.0,1.66,2023-12-16,Análisis generado automáticamente.,picks/5/placeholder.webp,won,0.66,0.66
5,1,9,pre_match,combined,Premier League LaLiga EA Sports,Burnley - Everton  Valencia - Barcelona,Josh Brownhill mas de 0.5 faltas cometidas Barcelona gana con handicap asiatico +0.5,1.0,1.58,2023-12-16,Análisis generado automáticamente.,picks/5/placeholder.webp,won,0.58,0.58
5,1,2,pre_match,simple,Premier League,Athletic Club - Atletico de Madrid,Iñigo Lekue 1 o mas faltas,1.0,1.83,2023-12-16,Análisis generado automáticamente.,picks/5/placeholder.webp,won,0.83,0.83
5,1,3,pre_match,combined,LaLiga EA Sports LaLiga EA Sports,Osasuna - Rayo Vallecano  Valencia - Barcelona,Mas de 1.5 goles Gana el Barcelona con handicap +0.5,1.0,1.75,2023-12-16,Análisis generado automáticamente.,picks/5/placeholder.webp,lost,-1.0,-1.0
5,1,6,pre_match,simple,LaLiga EA Sports,Real Madrid - Villarreal,Crear apuesta: Leer descripción,1.0,1.62,2023-12-17,Análisis generado automáticamente.,picks/5/placeholder.webp,lost,-1.0,-1.0
5,1,4,pre_match,combined,LaLiga EA Sports LaLiga EA Sports,Athletic Club - Atletico de Madrid  Real Madrid - Villarreal,Gana Atletico con handicap +1.0 Villarreal mas de 6.5 remates,1.0,1.68,2023-12-17,Análisis generado automáticamente.,picks/5/placeholder.webp,lost,-1.0,-1.0
5,1,1,pre_match,simple,LaLiga EA Sports,Rayo Vallecano - Valencia,Mas de 2.0 goles,1.0,1.89,2023-12-19,Análisis generado automáticamente.,picks/5/placeholder.webp,lost,-1.0,-1.0
5,1,3,pre_match,simple,LaLiga EA Sports,Barcelona - Almeria,Fermin 36 o mas pases,1.0,1.8,2023-12-20,Análisis generado automáticamente.,picks/5/placeholder.webp,lost,-1.0,-1.0
5,1,2,pre_match,simple,Premier League,West Ham United - Manchester United,Crear apuesta: Mirar descripción,1.0,1.66,2023-12-23,Análisis generado automáticamente.,picks/5/placeholder.webp,won,0.66,0.66
5,1,10,pre_match,simple,Premier League,West Ham United - Manchester United,Garnacho 25 o mas pases,1.0,1.82,2023-12-23,Análisis generado automáticamente.,picks/5/placeholder.webp,lost,-1.0,-1.0
5,1,4,pre_match,simple,Premier League,Liverpool - Arsenal,Crear apuesta: Leer descripción,1.0,1.61,2023-12-23,Análisis generado automáticamente.,picks/5/placeholder.webp,won,0.61,0.61
5,1,5,pre_match,simple,Premier League,Tottenham - Everton,Kulusevski recibe 1 o mas faltas,1.0,1.62,2023-12-23,Análisis generado automáticamente.,picks/5/placeholder.webp,won,0.62,0.62
5,1,3,pre_match,simple,Premier League,West Ham United - Manchester United,Crear apuesta: Leer descripción,1.0,1.66,2023-12-23,Análisis generado automáticamente.,picks/5/placeholder.webp,lost,-1.0,-1.0
5,1,6,pre_match,simple,Premier League,Sheffield Untied - Luton Town,Anel Ahmedhodzic 40 o mas pases,1.0,1.8,2023-12-26,Análisis generado automáticamente.,picks/5/placeholder.webp,lost,-1.0,-1.0
5,1,5,pre_match,combined,Premier League Premier League,Newcastle - Nott Forest  Man United - Aston Villa,Trippier mas 0.5 entradas Emi Martinez mas de 1.5 paradas,1.0,1.5,2023-12-26,Análisis generado automáticamente.,picks/5/placeholder.webp,won,0.5,0.5
5,1,7,pre_match,simple,Premier League,Man United - Aston Villa,Crear apuesta: Leer descripción,1.0,1.66,2023-12-26,Análisis generado automáticamente.,picks/5/placeholder.webp,lost,-1.0,-1.0
5,1,9,pre_match,simple,LaLiga EA Sports,Getafe - Rayo Vallecano,Lejeune 1 o mas faltas,1.0,1.7,2024-01-02,Análisis generado automáticamente.,picks/5/placeholder.webp,lost,-1.0,-1.0
5,1,5,pre_match,simple,LaLiga EA Sports,Real Sociedad - Alavés,Crear apuesta: Leer descripción,1.0,1.7,2024-01-02,Análisis generado automáticamente.,picks/5/placeholder.webp,lost,-1.0,-1.0
5,1,5,pre_match,simple,Copa del Rey,Real Madrid - Mallorca,Crear apuesta: Leer descripción,1.0,1.66,2024-01-03,Análisis generado automáticamente.,picks/5/placeholder.webp,won,0.66,0.66
5,1,3,pre_match,simple,Copa de Francia,Lille - Golden Lion,Crear apuesta: Leer descripción,1.0,1.86,2024-01-06,Análisis generado automáticamente.,picks/5/placeholder.webp,won,0.86,0.86
5,1,10,pre_match,combined,Copa de Francia,Pontarlier - Lyon  Chambery - Toulouse,Lyon gana ambas partes Toulouse gana ambas partes,0.25,6.3,2024-01-07,Análisis generado automáticamente.,picks/5/placeholder.webp,won,1.33,1.33
5,1,6,pre_match,simple,Copa de Francia,Chambery - Toulouse,Crear apuesta: Leer descripción,1.0,2.0,2024-01-07,Análisis generado automáticamente.,picks/5/placeholder.webp,won,1.0,1.0
5,1,9,pre_match,simple,FA Cup,Manchester City - Huddersfield,Ambos no marcan,1.0,1.55,2024-01-07,Análisis generado automáticamente.,picks/5/placeholder.webp,won,0.55,0.55
5,1,4,pre_match,simple,Copa de Francia,Pontarlier - Lyon,Ambos no marcan,1.0,1.83,2024-01-07,Análisis generado automáticamente.,picks/5/placeholder.webp,won,0.83,0.83
5,1,9,pre_match,simple,Copa de Francia,Thionville - Marsella,Marsella gana a 0,1.0,1.57,2024-01-07,Análisis generado automáticamente.,picks/5/placeholder.webp,won,0.57,0.57
5,1,2,pre_match,simple,Copa Francesa,Revel - PSG,Crear apuesta: Leer descripción,1.0,1.66,2024-01-07,Análisis generado automáticamente.,picks/5/placeholder.webp,won,0.66,0.66
5,1,6,pre_match,simple,Copa del Rey,Cartagena - Valencia,Se clasifica el Valencia,1.0,1.57,2024-01-07,Análisis generado automáticamente.,picks/5/placeholder.webp,won,0.57,0.57
5,1,4,pre_match,simple,Copa del Rey,Racing de Ferrol - Sevilla,Se clasifica el Sevilla,1.0,1.62,2024-01-07,Análisis generado automáticamente.,picks/5/placeholder.webp,won,0.62,0.62
5,1,10,pre_match,simple,Copa del Rey,Eibar - Athletic,Se clasifica el Athletic,1.0,1.57,2024-01-07,Análisis generado automáticamente.,picks/5/placeholder.webp,won,0.57,0.57
5,1,5,pre_match,combined,Premier League,Forest vs Newcastle Chelsea vs Arsenal,Bruno Guimaraes mas de 0.5 faltas Mikel Merino mas de 0.5 faltas,1.0,1.71,2024-01-10,Análisis generado automáticamente.,picks/5/placeholder.webp,won,0.33,0.33
5,1,7,pre_match,combined,LaLiga EA Sports LaLiga EA Sports,Mallorca - Celta  Betis - Granada,Mas de 3.5 tarjetas Betis gana con handicap +0.5,1.0,1.67,2024-01-13,Análisis generado automáticamente.,picks/5/placeholder.webp,won,0.67,0.67
5,1,8,pre_match,simple,Premier League,Sheffield United - West Ham United,Sheffield United mas de 9.5 remates,1.0,1.66,2024-01-21,Análisis generado automáticamente.,picks/5/placeholder.webp,won,0.66,0.66
5,1,3,pre_match,combined,Premier League LaLiga EA Sports,Brentford - Nottingham Forest  Betis - Barcelona,Brentford mas de 0.5 goles Luiz Henrique mas de 0.5 remates,1.0,1.61,2024-01-21,Análisis generado automáticamente.,picks/5/placeholder.webp,won,0.61,0.61
5,1,7,pre_match,simple,LaLiga EA Sports,Barcelona - Villarreal,Kiko Femenia 1 o mas faltas,1.0,1.91,2024-01-27,Análisis generado automáticamente.,picks/5/placeholder.webp,won,0.91,0.91
5,1,7,pre_match,combined,LaLiga EA Sports LaLiga EA Sports,Real Sociedad - Rayo Vallecano  Las Palmas - Real Madrid,Rayo mas de 6.5 remates Las Palmas mas de 6.5 remates,1.0,1.71,2024-01-27,Análisis generado automáticamente.,picks/5/placeholder.webp,lost,-1.0,-1.0
5,1,4,pre_match,combined,LaLiga EA Sports LaLiga EA Sports,Almería - Alavés  Mallorca - Betis,Almería mas de 0.5 goles Betis gana con handicap +1.0,1.0,1.66,2024-01-27,Análisis generado automáticamente.,picks/5/placeholder.webp,lost,-1.0,-1.0
5,1,4,pre_match,combined,Champions League,Atletico - Atletico Sporting - Sporting,Atletico y Sporting acaban entre el 9º y el 24º,1.8,2.0,2024-01-29,Análisis generado automáticamente.,picks/5/placeholder.webp,lost,2.48,nan
5,1,3,pre_match,simple,LaLiga EA Sports,Alaves - Barcelona,Crear apuesta,1.0,1.72,2024-02-03,Análisis generado automáticamente.,picks/5/placeholder.webp,won,0.72,0.72
5,1,7,pre_match,simple,LaLiga EA Sports,Valencia - Almeria,Foulquier 2 o mas entradas,0.75,2.0,2024-02-03,Análisis generado automáticamente.,picks/5/placeholder.webp,won,0.75,0.75
5,1,8,pre_match,simple,LaLiga EA Sports,Girona - Real Sociedad,Turrientes 2 o mas faltas,0.5,2.2,2024-02-04,Análisis generado automáticamente.,picks/5/placeholder.webp,won,0.6,0.6
5,1,5,pre_match,simple,LaLiga EA Sports,Betis - Getafe,Mas de 5.5 tarjetas,1.0,1.72,2024-02-04,Análisis generado automáticamente.,picks/5/placeholder.webp,won,0.72,0.72
5,1,3,pre_match,simple,LaLiga EA Sports,Real Madrid - Atlético de Madrid,Crear apuesta: Leer descripción,1.0,1.86,2024-02-04,Análisis generado automáticamente.,picks/5/placeholder.webp,lost,-1.0,-1.0
5,1,8,pre_match,combined,Premier League LaLiga EA Sports,Sheffield United - Aston Villa  Betis - Getafe,Aston Villa empata o gana Diego Rico 1 o mas faltas,1.0,1.61,2024-02-04,Análisis generado automáticamente.,picks/5/placeholder.webp,lost,-1.0,-1.0
5,1,8,pre_match,combined,Premier League Premier League,Newcastle - Luton Town  Arsenal - Liverpool,Sambi Lokonga 1 o mas faltas Szobozslai 1 o mas faltas,1.0,1.8,2024-02-04,Análisis generado automáticamente.,picks/5/placeholder.webp,won,0.4,0.4
5,1,8,pre_match,combined,LaLiga EA Sports LaLiga EA Sports,Granada - Las Palmas  Real Madrid - Atlético de Madrid,Gana Las Palmas con handicap +1.0 Valverde mas de 0.5 entradas,1.0,1.55,2024-02-04,Análisis generado automáticamente.,picks/5/placeholder.webp,won,0.55,0.55
5,1,4,pre_match,combined,LaLiga EA Sports LaLiga EA Sports,Girona - Real Sociedad  Real Madrid - Atlético de Madrid,Mas de 1.5 goles Gana el Madrid con handicap +0.5,1.0,1.6,2024-02-04,Análisis generado automáticamente.,picks/5/placeholder.webp,lost,-1.0,-1.0
5,1,6,pre_match,combined,Copa Asia Copa de Francia,Jordania - Corea del Sur  Sochaux - Rennes,Se clasifica Corea del Sur Se clasifica el Rennes,1.0,1.6,2024-02-06,Análisis generado automáticamente.,picks/5/placeholder.webp,lost,-1.0,-1.0
5,1,5,pre_match,combined,Copa de Francia,Sochaux - Rennes  PSG - Brest,Se clasifica el Rennes Se clasifica el PSG,1.0,1.57,2024-02-07,Análisis generado automáticamente.,picks/5/placeholder.webp,won,0.57,0.57
5,1,4,pre_match,combined,Premier League LaLiga EA Sports,Wolverhampton - Brentford  Real Sociedad - Osasuna,Toti Gomes mas de 0.5 faltas Turrientes mas de 0.5 faltas,1.0,1.67,2024-02-10,Análisis generado automáticamente.,picks/5/placeholder.webp,lost,-1.0,-1.0
5,1,3,pre_match,combined,Premier League LaLiga EA Sports,Man City - Everton  Real Madrid - Girona,Gana Man City Gana Real Madrid,1.0,1.73,2024-02-10,Análisis generado automáticamente.,picks/5/placeholder.webp,won,0.73,0.73
5,1,3,pre_match,simple,LaLiga EA Sports,Real Madrid - Girona,Tchouamení menos de 1.5 remates,1.0,1.57,2024-02-10,Análisis generado automáticamente.,picks/5/placeholder.webp,won,0.57,0.57
5,1,1,pre_match,combined,LaLiga EA Sports LaLiga EA Sports,Alaves - Villarreal  Real Madrid - Girona,Guedes mas de 0.5 remates Bellingham mas de 0.5 entradas,1.0,1.5,2024-02-10,Análisis generado automáticamente.,picks/5/placeholder.webp,won,0.25,0.25
5,1,8,pre_match,simple,La Liga EA Sports,Mallorca - Rayo Vallecano,Mas de 6.5 tarjetas,0.5,2.37,2024-02-11,Análisis generado automáticamente.,picks/5/placeholder.webp,lost,-0.5,-0.5
5,1,9,pre_match,combined,LaLiga EA Sports Premier League,Mallorca - Rayo Vallecano  Aston Villa - Manchester United,Alvaro García mas de 0.5 remates Carlos Casemiro mas de 0.5 faltas,1.0,1.71,2024-02-11,Análisis generado automáticamente.,picks/5/placeholder.webp,won,0.71,0.71
5,1,7,pre_match,simple,LaLiga EA Sports,Real Madrid - Girona,Carvajal menos de 0.5 remates,0.75,2.1,2024-02-11,Análisis generado automáticamente.,picks/5/placeholder.webp,lost,-0.75,-0.75
5,1,5,pre_match,combined,LaLiga EA Sports LaLiga EA Sports,Cadiz - Betis  Barcelona - Granada,Fornals 1 o mas remates Gana el Barcelona,1.0,1.83,2024-02-11,Análisis generado automáticamente.,picks/5/placeholder.webp,lost,-1.0,-1.0
5,1,4,pre_match,simple,LaLiga EA Sports,Villarreal - Getafe,Mas de 4.5 tarjetas,1.0,1.53,2024-02-16,Análisis generado automáticamente.,picks/5/placeholder.webp,lost,-1.0,-1.0
5,1,9,pre_match,simple,Premier League,Manchester City - Chelsea,Crear apuesta: Leer descripción,1.0,1.57,2024-02-17,Análisis generado automáticamente.,picks/5/placeholder.webp,won,0.57,0.57
5,1,5,pre_match,simple,Premier League,Granada - Almería,Idrisu Baba 1 o mas faltas en la primera mitad,0.5,2.1,2024-02-18,Análisis generado automáticamente.,picks/5/placeholder.webp,won,0.55,0.55
5,1,3,pre_match,simple,Premier League,Sheffield Untied - Brighton,Crear apuesta: Leer descripción,1.0,1.5,2024-02-18,Análisis generado automáticamente.,picks/5/placeholder.webp,won,0.25,0.25
5,1,1,pre_match,simple,LaLiga EA Sports,Granada - Almeria,Hongla comete 1 o mas faltas,1.0,1.91,2024-02-18,Análisis generado automáticamente.,picks/5/placeholder.webp,won,0.91,0.91
5,1,4,pre_match,simple,LaLiga EA Sports,Rayo Vallecano - Real Madrid,Crear apuesta: Leer descripción,1.0,1.61,2024-02-18,Análisis generado automáticamente.,picks/5/placeholder.webp,won,0.61,0.61
5,1,2,pre_match,simple,LaLiga EA Sports,Granada - Almeria,Mas de 5.5 tarjetas,1.0,1.9,2024-02-18,Análisis generado automáticamente.,picks/5/placeholder.webp,lost,-1.0,-1.0
5,1,3,pre_match,combined,LaLiga EA Sports Premier League,Celta - Barcelona  Luton Town - Manchester United,Mas de 1.5 goles Manchester United gana con handicap asiático +0.5,1.0,1.52,2024-02-18,Análisis generado automáticamente.,picks/5/placeholder.webp,won,0.52,0.52
5,1,5,pre_match,simple,UEFA Champions League,Inter - Atletico de Madrid,Koke menos de 70.5 pases,1.0,1.83,2024-02-20,Análisis generado automáticamente.,picks/5/placeholder.webp,lost,-1.0,-1.0
5,1,2,pre_match,simple,UEFA Champions League,Porto - Arsenal,Crear apuesta,1.0,1.5,2024-02-21,Análisis generado automáticamente.,picks/5/placeholder.webp,won,0.5,0.5
5,1,1,pre_match,simple,LaLiga EA Sports,Barcelona - Getafe,Juan Iglesias 1 o mas faltas,1.0,1.57,2024-02-24,Análisis generado automáticamente.,picks/5/placeholder.webp,lost,-1.0,-1.0
5,1,2,pre_match,simple,EFL Cup (Copa de la Liga),Bournemouth - Manchester City,Crear apuesta: Leer descripción,1.0,1.88,2024-02-24,Análisis generado automáticamente.,picks/5/placeholder.webp,won,0.44,0.44
5,1,5,pre_match,simple,Premier League,Arsenal - Newcastle,Crear apuesta: Leer descripción,1.0,1.61,2024-02-24,Análisis generado automáticamente.,picks/5/placeholder.webp,won,0.61,0.61
5,1,1,pre_match,simple,Premier League,Crystal Palace - Burnley,Christopher Richards 44 o mas pases,1.0,1.84,2024-02-24,Análisis generado automáticamente.,picks/5/placeholder.webp,won,0.84,0.84
5,1,5,pre_match,combined,Premier League EFL Cup (Copa de la Liga),Manchester United - Fulham  Chelsea - Liverpool,Gana el Manchester United con handicap +0.5 Enzo Fernández mas de 0.5 faltas cometidas,1.0,1.74,2024-02-25,Análisis generado automáticamente.,picks/5/placeholder.webp,lost,-1.0,-1.0
5,1,9,pre_match,combined,LaLiga EA Sports Premier League,Real Sociedad - Villarreal  Wolverhampton - Sheffield,Guedes mas de 0.5 rematas Sheffield mas de 5.5 remates,1.0,1.55,2024-02-25,Análisis generado automáticamente.,picks/5/placeholder.webp,won,0.55,0.55
5,1,7,pre_match,simple,LaLiga EA Sports,Valencia - Real Madrid,Diakhaby 1 o mas faltas,0.75,1.8,2024-03-02,Análisis generado automáticamente.,picks/5/placeholder.webp,won,0.6,0.6
5,1,7,pre_match,simple,LaLiga EA Sports,Rayo Vallecano - Cádiz,Crear apuesta: Leer descripción,1.0,1.63,2024-03-02,Análisis generado automáticamente.,picks/5/placeholder.webp,lost,-1.0,-1.0
5,1,8,pre_match,simple,LaLiga EA Sports,Valencia - Real Madrid,Crear apuesta: Leer descripción,1.0,1.62,2024-03-02,Análisis generado automáticamente.,picks/5/placeholder.webp,won,0.62,0.62
5,1,7,pre_match,simple,Premier League,Burnley - Bournemouth,Kerkez mas de 1.5 entradas,0.5,2.25,2024-03-03,Análisis generado automáticamente.,picks/5/placeholder.webp,won,0.63,0.63
5,1,2,pre_match,simple,Premier League,Burnley - Bournemouth,Odobert mas de 0.5 remates,1.0,1.5,2024-03-03,Análisis generado automáticamente.,picks/5/placeholder.webp,won,0.5,0.5
5,1,9,pre_match,combined,Premier League Premier League,Nottingham Forest - Liverpool  Manchester City - Manchester United,Elanga mas de 0.5 remates Gane el Manchester City,1.0,1.56,2024-03-03,Análisis generado automáticamente.,picks/5/placeholder.webp,won,0.56,0.56
5,1,10,pre_match,simple,UEFA Champions League,Real Madrid - RB Leipzig,Crear apuesta: Leer descripción,1.0,1.7,2024-03-06,Análisis generado automáticamente.,picks/5/placeholder.webp,won,0.7,0.7
5,1,5,pre_match,simple,LaLiga EA Sports,Valencia - Getafe,Mas de 8.5 tarjetas,0.25,4.5,2024-03-09,Análisis generado automáticamente.,picks/5/placeholder.webp,lost,-0.25,-0.25
5,1,3,pre_match,simple,Ligue 1,PSG - Reims,Crear apuesta: Leer descripción,1.0,1.61,2024-03-10,Análisis generado automáticamente.,picks/5/placeholder.webp,lost,-1.0,-1.0
5,1,9,pre_match,combined,Premier League Premier League,Aston Villa - Tottenham  Liverpool - Manchester City,Douglas Luiz mas de 0.5 faltas Mac Allister mas de 0.5 faltas,0.75,1.77,2024-03-10,Análisis generado automáticamente.,picks/5/placeholder.webp,won,0.58,0.58
5,1,1,pre_match,simple,Premier League,West Ham - Bournemouth,Esteve 43 o mas pases,1.0,1.8,2024-03-10,Análisis generado automáticamente.,picks/5/placeholder.webp,won,0.8,0.8
5,1,10,pre_match,combined,LaLiga EA Sports LaLiga EA Sports,Barcelona - Mallorca  Real Madrid - Celta,Gana el Barcelona Gana el Real Madrid,1.0,1.86,2024-03-10,Análisis generado automáticamente.,picks/5/placeholder.webp,won,0.86,0.86
5,1,2,pre_match,simple,Premier League,Chelsea - Newcastle,Crear apuesta: Leer descripción,0.75,1.9,2024-03-11,Análisis generado automáticamente.,picks/5/placeholder.webp,won,0.68,0.68
5,1,9,pre_match,simple,Clasificación UEFA Europa League,Slavia de Praga - Milan,Mas de 13.5 remates Slavia (Crear apuesta),1.0,1.61,2024-03-14,Análisis generado automáticamente.,picks/5/placeholder.webp,lost,-1.0,-1.0
5,1,2,pre_match,simple,FA Cup,Wolverhampton - Coventry City,Nathan Fraser mas de 1.5 remates,0.75,1.83,2024-03-16,Análisis generado automáticamente.,picks/5/placeholder.webp,lost,-0.75,-0.75
5,1,2,pre_match,combined,LaLiga EA Sports FA Cup,Sevilla - Celta  Chelsea - Leicester,J. Bamba mas de 0.5 remates Dewsbury-Hall mas de 0.5 entradas,0.75,1.73,2024-03-17,Análisis generado automáticamente.,picks/5/placeholder.webp,won,0.55,0.55
5,1,1,pre_match,simple,Premier League,West Ham - Aston Villa,Tielemans 45 o mas pases,1.0,1.64,2024-03-17,Análisis generado automáticamente.,picks/5/placeholder.webp,won,0.64,0.64
5,1,4,pre_match,combined,FA Cup LaLiga EA Sports,Chelsea - Leicester  Atlético de Madrid - Barcelona,Se clasifica el Chelsea Gana el Barcelona con handicap +1.5,1.0,1.51,2024-03-17,Análisis generado automáticamente.,picks/5/placeholder.webp,won,0.51,0.51
5,1,9,pre_match,combined,FA Cup FA Cup,Manchester City - Newcastle United  Manchester United - Liverpool,Bruno Guimaraes mas de 0.5 faltas Bruno Fernandes mas de 0.5 faltas,1.0,1.71,2024-03-17,Análisis generado automáticamente.,picks/5/placeholder.webp,won,0.71,0.71
5,1,8,pre_match,simple,Clasificación Europeo U21,Azerbayan sub 21 - Inglaterra sub 21,Azerbayan sub 21 menos de 0.5 goles,1.0,1.5,2024-03-22,Análisis generado automáticamente.,picks/5/placeholder.webp,lost,-1.0,-1.0
5,1,9,pre_match,simple,Clasificación Europeo U21,San Marino sub 21 - Irlanda sub 21,Ambos no marcan,1.0,1.5,2024-03-22,Análisis generado automáticamente.,picks/5/placeholder.webp,won,0.5,0.5
5,1,6,pre_match,simple,Clasificación Eurocopa,Georgia - Grecia,Kvaratskhelia comete 1 o mas faltas,1.0,1.5,2024-03-26,Análisis generado automáticamente.,picks/5/placeholder.webp,won,0.5,0.5
5,1,7,pre_match,simple,Clasificación Europeo U21,Azerbayan sub 21 - Ucrania sub 21,Ambos no marcan,1.0,1.8,2024-03-26,Análisis generado automáticamente.,picks/5/placeholder.webp,won,0.8,0.8
5,1,4,pre_match,combined,Clasificación Europeo U21 Clasificación Europeo U21,Moldavia sub21 - Paises Bajos sub21  Inglaterra sub21 - Luxemburgo sub21,Ambos no marcan Ambos no marcan,1.0,1.74,2024-03-26,Análisis generado automáticamente.,picks/5/placeholder.webp,won,0.74,0.74
5,1,8,pre_match,combined,Premier League LaLiga EA Sports,Chelsea - Burnley  Barcelona - Las Palmas,Gana el Chelsea Gana el Barcelona,1.0,1.67,2024-03-30,Análisis generado automáticamente.,picks/5/placeholder.webp,lost,-1.0,-1.0
5,1,7,pre_match,simple,Premier League,Newcastle - West Ham,Willock 29 o mas pases,1.0,1.78,2024-03-30,Análisis generado automáticamente.,picks/5/placeholder.webp,lost,-1.0,-1.0
5,1,9,pre_match,simple,LaLiga EA Sports,Valencia - Mallorca,Crear apuesta: Leer descripción,1.0,1.4,2024-03-30,Análisis generado automáticamente.,picks/5/placeholder.webp,won,0.2,0.2
5,1,7,pre_match,simple,Premier League,Manchester City - Arsenal,Crear apuesta: Leer descripción,1.0,1.61,2024-03-31,Análisis generado automáticamente.,picks/5/placeholder.webp,lost,-1.0,-1.0
5,1,7,pre_match,combined,LaLiga EA Sports LaLiga EA Sports,Cadiz - Granada  Celta de Vigo - Rayo Vallecano,Mas de 4.5 tarjetas Celta mas de 0.5 goles,1.0,1.66,2024-03-31,Análisis generado automáticamente.,picks/5/placeholder.webp,lost,-1.0,-1.0
5,1,7,pre_match,simple,Premier League,Liverpool - Sheffield United,Holgate menos de 0.5 remates,1.0,1.66,2024-04-04,Análisis generado automáticamente.,picks/5/placeholder.webp,won,0.66,0.66
5,1,5,pre_match,combined,Premier League,Chelsea - Manchester United,Crear apuesta: Leer descripción,1.0,1.66,2024-04-04,Análisis generado automáticamente.,picks/5/placeholder.webp,lost,-1.0,-1.0
5,1,2,pre_match,combined,LaLiga EA Sports,PSG - Rennes  Granada - Valencia,Se clasifica el PSG Diego López mas de 0.5 remates,1.0,1.83,2024-04-04,Análisis generado automáticamente.,picks/5/placeholder.webp,won,0.83,0.83
5,1,9,pre_match,combined,Premier League Premier League,Manchester City - Aston Villa  Chelsea - Manchester United,Gvardiol mas de 0.5 entradas Enzo Fernández mas de 0.5 faltas cometidas,1.0,1.84,2024-04-04,Análisis generado automáticamente.,picks/5/placeholder.webp,won,0.84,0.84
5,1,5,pre_match,combined,Premier League Premier League,Fulham - Newcastle  Brighton - Arsenal,Bruno Guimaraes mas de 0.5 remates Adingra mas de 0.5 remates,0.5,2.3,2024-04-06,Análisis generado automáticamente.,picks/5/placeholder.webp,won,0.65,0.65
5,1,3,pre_match,combined,Premier League Copa del Rey,Crystal Palace - Manchester City  Athletic Club - Mallorca,Gana el Manchester City Athletic gana la Copa (levanta el trofeo),1.0,1.73,2024-04-06,Análisis generado automáticamente.,picks/5/placeholder.webp,won,0.73,0.73
5,1,10,pre_match,simple,Premier League,Manchester United - Liverpool,Crear apuesta (Leer descripción),1.0,1.66,2024-04-07,Análisis generado automáticamente.,picks/5/placeholder.webp,lost,-1.0,-1.0
5,1,7,pre_match,combined,LaLiga EA Sports LaLiga EA Sports,Mallorca - Real Madrid  Cadiz - Barcelona,Gana el Real Madrid con handicap +0.0 Gana el Barcelona con handicap +0.0,1.0,1.85,2024-04-13,Análisis generado automáticamente.,picks/5/placeholder.webp,won,0.85,0.85
5,1,7,pre_match,simple,Premier League,Newcastle - Tottenham,Crear apuesta (Leer descripción),1.0,1.7,2024-04-13,Análisis generado automáticamente.,picks/5/placeholder.webp,lost,-1.0,-1.0
5,1,1,pre_match,combined,LaLiga EA Sports LaLiga EA Sports,Betis - Celta  Athletic Club - Villarreal,Bamba mas de 0.5 remates Villarreal gana con handicap +1.5,1.0,1.79,2024-04-14,Análisis generado automáticamente.,picks/5/placeholder.webp,won,0.79,0.79
5,1,9,pre_match,combined,Clasificación UEFA Europa Conference League Clasificación UEFA Europa Conference League,Borussia Dortmund - Atletico de Madrid  Barcelona - PSG,Brandt mas de 0.5 remates Vitinha mas de 0.5 faltas,1.0,1.83,2024-04-16,Análisis generado automáticamente.,picks/5/placeholder.webp,won,0.83,0.83
5,1,5,pre_match,simple,Clasificación UEFA Champions League,Barcelona - PSG,Crear apuesta: Leer descripción,1.0,1.77,2024-04-16,Análisis generado automáticamente.,picks/5/placeholder.webp,won,0.77,0.77
5,1,9,pre_match,simple,Clasificación UEFA Champions League,Borussia Dortmund - Atlético de Madrid,Crear apuesta: Leer descripción,0.1,8.0,2024-04-16,Análisis generado automáticamente.,picks/5/placeholder.webp,lost,-0.1,-0.1
5,1,7,pre_match,simple,Clasificación UEFA Champions League,Borussia Dortmund - Atlético de Madrid,Crear apuesta: Leer descripción,1.0,1.7,2024-04-16,Análisis generado automáticamente.,picks/5/placeholder.webp,lost,-1.0,-1.0
5,1,1,pre_match,simple,Clasificación UEFA Champions League,Borussia Dortmund - Atlético de Madrid,Borussia Dortmund mas de 17.5 remates,0.5,2.75,2024-04-16,Análisis generado automáticamente.,picks/5/placeholder.webp,won,0.88,0.88
5,1,3,pre_match,combined,Clasificación UEFA Champions League Clasificación UEFA Champions League Clasificación UEFA Champions League,Borussia Dortmund - Atlético de Madrid  Barcelona - PSG  Manchester City - Real Madrid,Borussia Dortmund mas de 11.5 remates PSG mas de 10.5 remates Se clasifica el Manchester City,0.75,2.0,2024-04-17,Análisis generado automáticamente.,picks/5/placeholder.webp,lost,-0.75,-0.75
5,1,1,pre_match,simple,Clasificación UEFA Europa Conference League,Fenerbache - Olympiakos,Fenerbache mas de 13.5 remates,1.0,1.66,2024-04-18,Análisis generado automáticamente.,picks/5/placeholder.webp,lost,-1.0,-1.0
5,1,7,pre_match,combined,LaLiga EA Sports FA Cup,Rayo Vallecano - Osasuna  Manchester City - Chelsea,Raul García mas de 0.5 remates Se clasifica el Manchester City,1.0,1.66,2024-04-20,Análisis generado automáticamente.,picks/5/placeholder.webp,lost,-1.0,-1.0
5,1,4,pre_match,simple,LaLiga EA Sports,Real Madrid - Barcelona,Tchouameni menos de 0.5 remates,0.5,2.62,2024-04-21,Análisis generado automáticamente.,picks/5/placeholder.webp,lost,-0.5,-0.5
5,1,2,pre_match,combined,Premier League LaLiga EA Sports,Fulham - Liverpool  Real Madrid - Barcelona,Joao Palhinha mas de 0.5 faltas Jude Bellingham mas de 0.5 entradas,1.0,1.62,2024-04-21,Análisis generado automáticamente.,picks/5/placeholder.webp,won,0.62,0.62
5,1,7,pre_match,simple,Premier League,Crystal Palace - West Ham,Will Hughes 37 o mas pases,1.0,1.86,2024-04-21,Análisis generado automáticamente.,picks/5/placeholder.webp,won,0.86,0.86
5,1,7,pre_match,simple,Premier League,Crystal Palace - West Ham,Nathaniel Clyne 38 o mas pases,1.0,1.82,2024-04-21,Análisis generado automáticamente.,picks/5/placeholder.webp,won,0.82,0.82
5,1,8,pre_match,combined,Premier League LaLiga EA Sports,Manchester City - Chelsea  Alavés - Atlético de Madrid,Rodri recibe 1 o mas faltas Guevara comete 1 o mas faltas,1.0,1.63,2024-04-21,Análisis generado automáticamente.,picks/5/placeholder.webp,won,0.63,0.63
5,1,8,pre_match,combined,FA Cup Premier League,Manchester City - Chelsea  Coventry City - Manchester United,Cada equipo 1 o mas tarjetas Se clasifica el Manchester United,1.0,1.7,2024-04-21,Análisis generado automáticamente.,picks/5/placeholder.webp,won,0.7,0.7
5,1,8,pre_match,combined,Premier League LaLiga EA Sports,Everton - Brentford  Alavés - Celta,Gueye mas de 0.5 faltas Carles Pérez mas de 0.5 remates,1.0,1.65,2024-04-27,Análisis generado automáticamente.,picks/5/placeholder.webp,lost,-1.0,-1.0
5,1,5,pre_match,combined,Premier League,West Ham United - Liverpool,Crear apuesta: Leer descripción,1.0,1.8,2024-04-27,Análisis generado automáticamente.,picks/5/placeholder.webp,lost,-1.0,-1.0
5,1,4,pre_match,simple,LaLiga EA Sports,Betis - Sevilla,Ocampos 1 o mas faltas,1.0,1.57,2024-04-28,Análisis generado automáticamente.,picks/5/placeholder.webp,won,0.57,0.57
5,1,8,pre_match,simple,Premier League,Betis - Sevilla,Crear apuesta,0.75,2.0,2024-04-28,Análisis generado automáticamente.,picks/5/placeholder.webp,lost,-0.75,-0.75
5,1,8,pre_match,simple,Premier League,Tottenham - Arsenal,Crear apuesta: Leer descripcion,1.0,1.99,2024-04-28,Análisis generado automáticamente.,picks/5/placeholder.webp,lost,-1.0,-1.0
5,1,8,pre_match,simple,LaLiga EA Sports,Real Betis - Sevilla,Crear apuesta: Leer descripción,1.0,1.67,2024-04-28,Análisis generado automáticamente.,picks/5/placeholder.webp,lost,-1.0,-1.0
5,1,5,pre_match,simple,LaLiga EA Sports,Cádiz - Mallorca,Mas de 5.5 tarjetas,1.0,1.9,2024-04-28,Análisis generado automáticamente.,picks/5/placeholder.webp,lost,-1.0,-1.0
5,1,3,pre_match,combined,LaLiga EA Sports LaLiga EA Sports,Villarreal - Rayo Vallecano  Barcelona - Valencia,Villarreal 1 o X Gana el Barcelona,1.0,1.69,2024-04-29,Análisis generado automáticamente.,picks/5/placeholder.webp,won,0.69,0.69
5,1,4,pre_match,combined,LaLiga EA Sports LaLiga EA Sports,Real Sociedad - Real Madrid  Barcelona - Valencia,Real Sociedad mas de 0.5 goles Gana el Barcelona,1.0,1.81,2024-04-29,Análisis generado automáticamente.,picks/5/placeholder.webp,lost,-1.0,-1.0
5,1,3,pre_match,simple,LaLiga EA Sports,Burnley - Newcastle,Crear apuesta: Leer descripción,0.5,2.8,2024-05-04,Análisis generado automáticamente.,picks/5/placeholder.webp,won,0.9,0.9
5,1,7,pre_match,combined,LaLiga EA Sports LaLiga EA Sports,Real Sociedad - Las Palmas  Real Madrid - Cadiz,Turrientes comete 1 o mas faltas Gana el Real Madrid,1.0,1.77,2024-05-04,Análisis generado automáticamente.,picks/5/placeholder.webp,won,0.77,0.77
5,1,1,pre_match,combined,Premier League LaLiga EA Sports,Liverpool - Tottenham  Valencia - Alavés,Bissouma mas de 0.5 faltas Valencia gana con handicap +0.5,1.0,1.73,2024-05-05,Análisis generado automáticamente.,picks/5/placeholder.webp,lost,-1.0,-1.0
5,1,2,pre_match,combined,Premier League Premier League,Liverpool - Tottenham  Crystal Palace - Manchester United,Mac Allister mas de 0.5 faltas Clyne menos de 0.5 remates,1.0,1.87,2024-05-06,Análisis generado automáticamente.,picks/5/placeholder.webp,won,0.87,0.87
5,1,7,pre_match,simple,Clasificación UEFA Champions League,Real Madrid - Bayern,Crear apuesta: Leer descripción,1.0,1.61,2024-05-08,Análisis generado automáticamente.,picks/5/placeholder.webp,won,0.61,0.61
5,1,9,pre_match,simple,Clasificación UEFA Europa League,Leverkusen - Roma,Roma mas de 11.5 remates,0.5,2.75,2024-05-09,Análisis generado automáticamente.,picks/5/placeholder.webp,lost,-0.5,-0.5
5,1,4,pre_match,combined,UEFA Europa Conference League UEFA Europa League,Olympiakos - Aston Villa  Bayer Leverkusen - Roma,Aston Villa mas de 13.5 remates Roma mas de 8.5 remates,1.0,2.08,2024-05-09,Análisis generado automáticamente.,picks/5/placeholder.webp,won,1.08,1.08
5,1,9,pre_match,combined,LaLiga EA Sports Premier League,Granada - Real Madrid  Nott Forest - Chelsea,Real Madrid x o 2 Chelsea x o 2,1.0,1.58,2024-05-11,Análisis generado automáticamente.,picks/5/placeholder.webp,won,0.58,0.58
5,1,4,pre_match,simple,Premier League,Tottenham - Man City,Crear apuesta (Leer descripción),1.0,1.61,2024-05-14,Análisis generado automáticamente.,picks/5/placeholder.webp,lost,-1.0,-1.0
5,1,9,pre_match,combined,LaLiga EA Sports LaLiga EA Sports,Real Madrid - Alavés  Girona - Villarreal,Gana Real Madrid Gana el Villarreal con handicap +2.0,1.0,1.55,2024-05-14,Análisis generado automáticamente.,picks/5/placeholder.webp,won,0.55,0.55
5,1,5,pre_match,simple,Premier League,Man United - Newcastle,Crear apuesta (Leer descripción),1.0,1.72,2024-05-15,Análisis generado automáticamente.,picks/5/placeholder.webp,lost,-1.0,-1.0
5,1,9,pre_match,combined,LaLiga EA Sports Premier League,Barcelona - Real Sociedad  Manchester United - Newcastle,Turrientes 1 o mas faltas Bruno Guimaraes 1 o mas faltas,1.0,1.66,2024-05-15,Análisis generado automáticamente.,picks/5/placeholder.webp,lost,-1.0,-1.0
5,1,2,pre_match,simple,LaLiga EA Sports,Real Betis - Real Sociedad,Crear apuesta: Leer descripción,1.0,1.6,2024-05-19,Análisis generado automáticamente.,picks/5/placeholder.webp,won,0.3,0.3
5,1,7,pre_match,simple,LaLiga EA Sports,Cádiz - Las Palmas,Crear apuesta: Leer descripción,1.0,1.75,2024-05-19,Análisis generado automáticamente.,picks/5/placeholder.webp,won,0.75,0.75
5,1,1,pre_match,simple,LaLiga EA Sports,Villarreal - Real Madrid,Fran García 2 o mas entradas,1.0,1.72,2024-05-19,Análisis generado automáticamente.,picks/5/placeholder.webp,won,0.72,0.72
5,1,9,pre_match,combined,LaLiga EA Sports LaLiga EA Sports,Cádiz - Las Palmas  Mallorca - Almería,Las Palmas gana con handicap +1.5 Almería gana con handicap +2.0,1.0,1.63,2024-05-19,Análisis generado automáticamente.,picks/5/placeholder.webp,won,0.63,0.63
5,1,8,pre_match,combined,LaLiga EA Sports LaLiga EA Sports,Atlético de Madrid - Barcelona  Barcelona - Rayo Vallecano,Gana el Atlético Gana el Barcelona,1.0,1.77,2024-05-19,Análisis generado automáticamente.,picks/5/placeholder.webp,lost,-1.0,-1.0
5,1,9,pre_match,simple,Premier League,Sheffield United - Tottenham,Dragusin 65 o mas pases,1.0,1.8,2024-05-19,Análisis generado automáticamente.,picks/5/placeholder.webp,won,0.8,0.8
5,1,6,pre_match,simple,Premier League,Sheffield United - Tottenham,Gana el Tottenham con handicap -1.5,1.0,1.87,2024-05-19,Análisis generado automáticamente.,picks/5/placeholder.webp,won,0.87,0.87
5,1,1,pre_match,simple,Premier League,Premier League - Premier League,Watkins pichichi sin Haaland,0.25,5.0,2024-05-19,Análisis generado automáticamente.,picks/5/placeholder.webp,lost,-0.25,-0.25
5,1,4,pre_match,simple,Premier League,Premier League - Premier League,Isak pichichi sin Haaland,0.25,4.5,2024-05-19,Análisis generado automáticamente.,picks/5/placeholder.webp,lost,-0.25,-0.25
5,1,1,pre_match,simple,Premier League,Premier League - Premier League,Solanke maximo goleador sin Haaland,0.25,10.0,2024-05-19,Análisis generado automáticamente.,picks/5/placeholder.webp,lost,-0.25,-0.25
5,1,5,pre_match,simple,LaLiga EA Sports,Osasuna - Villarreal,Comesaña 1 o mas asistencias,0.1,15.0,2024-05-25,Análisis generado automáticamente.,picks/5/placeholder.webp,lost,-0.1,-0.1
5,1,1,pre_match,simple,LaLiga EA Sports,Osasuna - Villarreal,Baena 1 o mas asistencias,0.25,4.5,2024-05-25,Análisis generado automáticamente.,picks/5/placeholder.webp,won,0.88,0.88
5,1,9,pre_match,simple,LaLiga EA Sports,Osasuna - Villarreal,Kiko Femenía 1 o mas asistencias,0.1,17.0,2024-05-25,Análisis generado automáticamente.,picks/5/placeholder.webp,lost,-0.1,-0.1
5,1,5,pre_match,combined,FA Cup LaLiga EA Sports,Man City - Man United  Real Madrid - Betis,Gana el City Gana el Madrid,1.0,1.65,2024-05-25,Análisis generado automáticamente.,picks/5/placeholder.webp,lost,-1.0,-1.0
5,1,4,pre_match,simple,UEFA Champions League,Borussia Dortmund - Real Madrid,Crear apuesta: Leer descripción,1.0,1.8,2024-06-01,Análisis generado automáticamente.,picks/5/placeholder.webp,won,0.8,0.8
5,1,6,pre_match,simple,UEFA Champions League,Borussia Dortmund - Real Madrid,Crear apuesta: Leer descripción,1.0,1.75,2024-06-01,Análisis generado automáticamente.,picks/5/placeholder.webp,won,0.75,0.75
5,1,9,pre_match,combined,Amistoso Amistoso,Albania - Liechtenstein  Suiza - Estonia,Albania gana sin encajar goles (Con la opción crear apuesta) Gana Suiza,1.0,1.73,2024-06-04,Análisis generado automáticamente.,picks/5/placeholder.webp,won,0.73,0.73
5,1,5,pre_match,simple,UEFA Champions League,Eslovaquia - San Marino,Crear apuesta (Leer descripción),1.0,1.62,2024-06-05,Análisis generado automáticamente.,picks/5/placeholder.webp,won,0.62,0.62
5,1,4,pre_match,combined,Amistoso Amistoso,Gibraltar - Escocia  Belgica - Montenegro,No marcan ambos Gana Bélgica,1.0,1.77,2024-06-05,Análisis generado automáticamente.,picks/5/placeholder.webp,won,0.77,0.77
5,1,8,pre_match,combined,Amistoso Amistoso,Rumania - Liechtenstein  Alemania - Grecia,Ambos no marcan Gana Alemania,1.0,1.65,2024-06-07,Análisis generado automáticamente.,picks/5/placeholder.webp,won,0.65,0.65
5,1,10,pre_match,simple,EURO 2024,Inglaterra - Inglaterra,Dean Henderson será convocado para la Euro 2024,0.5,3.25,2024-06-09,Análisis generado automáticamente.,picks/5/placeholder.webp,won,1.13,1.13
5,1,9,pre_match,simple,Eurocopa,Inglaterra - Inglaterra,Jordan Henderson va a la Euro 2024,1.5,1.61,2024-06-09,Análisis generado automáticamente.,picks/5/placeholder.webp,lost,-1.5,-1.5
5,1,4,pre_match,simple,Eurocopa,España - España,Alex Baena va a la Euro,0.25,8.0,2024-06-09,Análisis generado automáticamente.,picks/5/placeholder.webp,won,1.75,1.75
5,1,9,pre_match,simple,Premier League,Inglaterra - Inglaterra,Ben White va a la Euro,0.25,15.0,2024-06-09,Análisis generado automáticamente.,picks/5/placeholder.webp,lost,-0.25,-0.25
5,1,5,pre_match,simple,Eurocopa,España - España,Remiro va a la Euro 2024,0.5,3.5,2024-06-09,Análisis generado automáticamente.,picks/5/placeholder.webp,won,1.25,1.25
5,1,4,pre_match,combined,Eurocopa Eurocopa,Hungría - Suiza  España - Croacia,Freuler mas de 0.5 entradas Le Normand mas de 0.5 faltas,0.75,1.96,2024-06-16,Análisis generado automáticamente.,picks/5/placeholder.webp,lost,-0.75,-0.75
5,1,7,pre_match,simple,Eurocopa,Austria - Francia,Baungartner menos de 30.5 pases,1.0,1.82,2024-06-17,Análisis generado automáticamente.,picks/5/placeholder.webp,won,0.82,0.82
5,1,6,pre_match,simple,Eurocopa,Austria - Francia,Laimer menos de 35.5 pases,1.0,1.83,2024-06-17,Análisis generado automáticamente.,picks/5/placeholder.webp,won,0.83,0.83
5,1,6,pre_match,combined,Eurocopa Eurocopa,Serbia - Inglaterra  Belgica - Eslovaquia,Bellingham mas de 0.5 entradas Eslovaquia mas de 6.5 remates,1.0,1.75,2024-06-17,Análisis generado automáticamente.,picks/5/placeholder.webp,won,0.75,0.75
5,1,9,pre_match,simple,Eurocopa,Escocia - Suiza,Vargas menos de 28.5 pases,1.0,1.83,2024-06-19,Análisis generado automáticamente.,picks/5/placeholder.webp,won,0.83,0.83
5,1,10,pre_match,simple,Eurocopa,Alemania - Hungria,Gundogan menos de 40.5 pases,1.0,1.83,2024-06-19,Análisis generado automáticamente.,picks/5/placeholder.webp,lost,-1.0,-1.0
5,1,5,pre_match,simple,Eurocopa,Turquia - Portugal,Bruno Fernandes menos de 72.5 pases,1.0,1.7,2024-06-22,Análisis generado automáticamente.,picks/5/placeholder.webp,won,0.7,0.7
5,1,4,pre_match,simple,Eurocopa,Belgica - Rumania,Doku menos de 35.5 pases,1.0,1.83,2024-06-22,Análisis generado automáticamente.,picks/5/placeholder.webp,won,0.83,0.83
5,1,2,pre_match,simple,Eurocopa,Escocia - Hungria,Crear apuesta: Leer descripción,1.0,1.75,2024-06-23,Análisis generado automáticamente.,picks/5/placeholder.webp,lost,-1.0,-1.0
5,1,1,pre_match,simple,Eurocopa,Alemania - Alemania,El portero de Alemania hace 5 o mas paradas en la fase de grupos,1.0,1.83,2024-06-23,Análisis generado automáticamente.,picks/5/placeholder.webp,won,0.83,0.83
5,1,4,pre_match,combined,Eurocopa Eurocopa,Georgia - Republica Checa  Croacia - Italia,Mas de 2.5 tarjetas y cada equipo 1 o mas tarjetas Cada equipo 1 o mas tarjetas,1.0,1.71,2024-06-24,Análisis generado automáticamente.,picks/5/placeholder.webp,won,0.71,0.71
5,1,2,pre_match,simple,Eurocopa,Paises Bajos - Austria,Reinjders menos de 44.5 pases,1.0,1.82,2024-06-25,Análisis generado automáticamente.,picks/5/placeholder.webp,won,0.82,0.82
5,1,7,pre_match,simple,Eurocopa,Dinamarca - Serbia,Mas de 3.5 tarjetas,1.0,1.67,2024-06-25,Análisis generado automáticamente.,picks/5/placeholder.webp,won,0.67,0.67
5,1,6,pre_match,combined,Eurocopa Eurocopa,Serbia - Serbia  Paises Bajos - Paises Bajos,Serbia se clasifica para octavos Paises Bajos se clasifica para octavos,1.0,1.88,2024-06-25,Análisis generado automáticamente.,picks/5/placeholder.webp,lost,-1.0,-1.0
5,1,1,pre_match,combined,Eurocopa Eurocopa,Albania - Albania  Eslovenia - Eslovenia,Albania eliminado en fase de grupos Eslovenia eliminado en fase de grupos,1.0,1.61,2024-06-25,Análisis generado automáticamente.,picks/5/placeholder.webp,lost,-1.0,-1.0
5,1,2,pre_match,combined,Eurocopa Eurocopa,Croacia - Croacia  Ucrania - Ucrania,Croacia se clasifica para octavos de final Ucrania se clasifica para octavos de final,1.5,1.95,2024-06-26,Análisis generado automáticamente.,picks/5/placeholder.webp,lost,-1.5,-1.5
5,1,2,pre_match,combined,Eurocopa Eurocopa,Escocia - Escocia  Polonia - Polonia,Escocia no se clasifica para octavos Polonia no se clasifica para octavos,1.0,1.75,2024-06-26,Análisis generado automáticamente.,picks/5/placeholder.webp,won,0.75,0.75
5,1,9,pre_match,combined,Eurocopa Eurocopa,Alemania - Dinamarca  Francia - Belgica,Se clasifica Alemania Se clasifica Francia,1.0,1.93,2024-07-01,Análisis generado automáticamente.,picks/5/placeholder.webp,won,0.93,0.93
5,1,1,pre_match,combined,Eurocopa Eurocopa,España - Alemania  Portugal - Francia,Rodri mas de 0.5 faltas Bruno Fernandes mas de 0.5 faltas,1.0,2.02,2024-07-05,Análisis generado automáticamente.,picks/5/placeholder.webp,won,1.02,1.02
5,1,2,pre_match,simple,Eurocopa,Inglaterra - Suiza,Crear apuesta: Leer descripción,1.0,1.8,2024-07-06,Análisis generado automáticamente.,picks/5/placeholder.webp,won,0.8,0.8
5,1,6,pre_match,combined,Eurocopa Eurocopa,España - Alemania  Paises Bajos - Turquia,Mas de 1.5 goles Se clasifica Paises Bajos,1.0,1.78,2024-07-06,Análisis generado automáticamente.,picks/5/placeholder.webp,won,0.78,0.78
5,1,9,pre_match,simple,Copa América,Uruguay - Brasil,Danilo menos de 55.5 pases,1.0,1.8,2024-07-07,Análisis generado automáticamente.,picks/5/placeholder.webp,won,0.8,0.8
5,1,10,pre_match,combined,Eurocopa Copa América,Paises Bajos - Turquia  Uruguay - Brasil,Dumfries mas de 0.5 faltas cometidas Darwin Nuñez mas de 0.5 faltas cometidas,1.0,1.96,2024-07-07,Análisis generado automáticamente.,picks/5/placeholder.webp,lost,-1.0,-1.0
5,1,10,pre_match,simple,Copa América,Argentina - Argentina,Argentina alcanzará la final,1.0,1.72,2024-07-10,Análisis generado automáticamente.,picks/5/placeholder.webp,won,0.72,0.72
5,1,6,pre_match,simple,Eurocopa,España - Inglaterra,Crear apuesta: Leer descripción,0.5,3.0,2024-07-14,Análisis generado automáticamente.,picks/5/placeholder.webp,lost,-0.5,-0.5
5,1,2,pre_match,simple,Eurocopa,Wirtz - Wirtz,Wirtz mejor jugador joven de la Euro,0.25,7.5,2024-07-14,Análisis generado automáticamente.,picks/5/placeholder.webp,lost,-0.25,-0.25
5,1,7,pre_match,simple,Eurocopa,Musiala - Musiala,Musiala mejor jugador joven de la Euro,0.25,8.0,2024-07-14,Análisis generado automáticamente.,picks/5/placeholder.webp,lost,-0.25,-0.25
5,1,4,pre_match,combined,Copa América Copa América,Canada - Uruguay  Argentina - Colombia,Uruguay acaba 3º Jefferson Lerma mas de 0.5 faltas,1.0,1.72,2024-07-15,Análisis generado automáticamente.,picks/5/placeholder.webp,won,0.72,0.72
5,1,5,pre_match,simple,Juegos Olímpicos,Rep Dominicana - España,Rep Dominicana 0 goles,1.0,1.72,2024-07-27,Análisis generado automáticamente.,picks/5/placeholder.webp,lost,-1.0,-1.0
5,1,8,pre_match,combined,Juegos Olímpicos Juegos Olímpicos,Francia - Francia  España - España,Francia gana su grupo España grana su grupo,1.0,1.67,2024-07-30,Análisis generado automáticamente.,picks/5/placeholder.webp,lost,-1.0,-1.0
5,1,3,pre_match,simple,LaLiga EA Sports,Athletic Club - Getafe,Crear apuesta: Leer descripción,1.0,1.7,2024-08-15,Análisis generado automáticamente.,picks/5/placeholder.webp,lost,-1.0,-1.0
5,1,7,pre_match,simple,LaLiga EA Sports,Las Palmas - Sevilla,Gudelj 50 o mas pases,1.0,1.98,2024-08-16,Análisis generado automáticamente.,picks/5/placeholder.webp,won,0.98,0.98
5,1,6,pre_match,simple,Premier League,Ipswich - Liverpool,Gravenberch 40 o mas pases,1.0,1.78,2024-08-17,Análisis generado automáticamente.,picks/5/placeholder.webp,won,0.78,0.78
5,1,1,pre_match,simple,DFB Pokal,Koblenz - Wolfsburgo,Ambos no marcan,1.0,1.75,2024-08-19,Análisis generado automáticamente.,picks/5/placeholder.webp,won,0.75,0.75
5,1,7,pre_match,simple,LaLiga EA Sports,Celta - Valencia,Yarek Gasiorowski 37 o mas pases,1.0,1.8,2024-08-23,Análisis generado automáticamente.,picks/5/placeholder.webp,won,0.8,0.8
5,1,9,pre_match,combined,LaLiga EA Sports LIGA HYPERMOTION,Espanyol - Real Sociedad Tenerife - Almería,Real Sociedad x o 2 Almería x o 2,0.75,1.98,2024-08-24,Análisis generado automáticamente.,picks/5/placeholder.webp,won,0.73,0.73
5,1,7,pre_match,simple,Premier League,Wolverhampton - Chelsea,Levi Colwill 50 o mas pases,1.0,1.65,2024-08-25,Análisis generado automáticamente.,picks/5/placeholder.webp,won,0.65,0.65
5,1,1,pre_match,combined,LaLiga EA Sports LaLiga EA Sports,Villarreal - Celta Las Palmas - Real Madrid,Villarreal 1 o x Gana Real Madrid,1.0,1.82,2024-08-29,Análisis generado automáticamente.,picks/5/placeholder.webp,lost,-1.0,-1.0
5,1,2,pre_match,combined,UEFA Europa League UEFA Europa League,Jagiellonia - Ajax Braga - Rapid Viena,Se clasifica el Ajax Se clasifica el Braga,1.0,1.71,2024-08-29,Análisis generado automáticamente.,picks/5/placeholder.webp,won,0.71,0.71
5,1,6,pre_match,simple,LaLiga EA Sports,Getafe - Real Sociedad,Chrisantus Uche 1 o mas tackles,1.0,1.83,2024-09-01,Análisis generado automáticamente.,picks/5/placeholder.webp,won,0.83,0.83
5,1,1,pre_match,simple,LaLiga EA Sports,Betis - Leganes,Natan 50 o mas pases,0.75,1.9,2024-09-13,Análisis generado automáticamente.,picks/5/placeholder.webp,won,0.68,0.675
5,1,8,pre_match,simple,LaLiga EA Sports,Real Sociedad - Real Madrid,Sergio Gómez 2 o mas entradas,0.25,2.95,2024-09-14,Análisis generado automáticamente.,picks/5/placeholder.webp,won,0.48,0.48
5,1,7,pre_match,combined,LaLiga EA Sports LaLiga EA Sports,Mallorca - Villarreal Sevilla - Getafe,Villarreal x o 2 Sevilla 1 o x,0.75,2.07,2024-09-14,Análisis generado automáticamente.,picks/5/placeholder.webp,won,0.8,0.8
5,1,4,pre_match,simple,Premier League,Brighton - Ipswich,Axel Tuanzebe 2 o mas entradas,0.75,2.1,2024-09-14,Análisis generado automáticamente.,picks/5/placeholder.webp,won,0.82,0.825
5,1,10,pre_match,combined,Premier League Premier League,Tottenham - Arsenal Wolverhamtpon - Newcastle,Havertz mas de 0.5 entradas Livramento mas de 0.5 entradas,1.0,1.92,2024-09-15,Análisis generado automáticamente.,picks/5/placeholder.webp,won,0.92,0.92
5,1,2,pre_match,simple,Premier League,Tottenham - Arsenal,Mas de 37.5 entradas,1.0,1.83,2024-09-15,Análisis generado automáticamente.,picks/5/placeholder.webp,won,0.83,0.83
5,1,3,pre_match,simple,La Liga EA Sports,Alaves - Sevilla,Manu Sanzchez 2 o mas entradas,0.5,2.1,2024-09-20,Análisis generado automáticamente.,picks/5/placeholder.webp,lost,-0.5,-0.5
5,1,7,pre_match,simple,La Liga EA Sports,Osasuna - Las Palmas,Marvin 2 o mas entradas,0.5,1.05,2024-09-21,Análisis generado automáticamente.,picks/5/placeholder.webp,lost,-0.5,-0.5
5,1,10,pre_match,simple,Premier League,West Ham -Chelsea,Guido Rodriguez y Moises Caicedo mas de 0.5 faltas cada uno,0.75,1.28,2024-09-21,Análisis generado automáticamente.,picks/5/placeholder.webp,lost,-0.75,-0.75
5,1,9,pre_match,simple,La Liga EA Sports,Valladolid - Real Sociedad,Sergio Gomez 2 o mas entradas,0.25,3.2,2024-09-21,Análisis generado automáticamente.,picks/5/placeholder.webp,won,0.55,0.55
5,1,2,pre_match,simple,Premier League,Manchester City - Arsenal,Rodri y Havertz mas de 0.5 faltas cada uno,1.0,1.66,2024-09-22,Análisis generado automáticamente.,picks/5/placeholder.webp,lost,-1.0,-1.0
5,1,1,pre_match,combined,La Liga EA Sports La Liga EA Sports,Valladolid - Real Sociedad Getafe - Leganes,Real Sociedad x o 2 Mas de 4.5 tarjetas y cada equipo 1 o mas tarjetas,1.0,1.7,2024-09-22,Análisis generado automáticamente.,picks/5/placeholder.webp,won,0.7,0.7
5,1,10,pre_match,simple,La Liga EA Sports,Real Madrid - Alavés,Gana Real Madrid Mouriño 1 o mas faltas,0.75,1.9,2024-09-24,Análisis generado automáticamente.,picks/5/placeholder.webp,won,0.68,0.675
5,1,6,pre_match,simple,La Liga EA Sports,Real Madrid - Alavés,Mouriño 2 o mas entradas,0.75,2.3,2024-09-24,Análisis generado automáticamente.,picks/5/placeholder.webp,won,0.98,0.975
5,1,10,pre_match,combined,Premier League Premie League,Newcastle - Manchester City Wolverhampton - Liverpool,Bruno Guimaraes mas de 0.5 faltas Trent mas de 0.5 entradas,0.75,1.71,2024-09-28,Análisis generado automáticamente.,picks/5/placeholder.webp,won,0.53,0.53
5,1,6,pre_match,simple,La Liga EA Sports,Atletico de Madrid - Real Madrid,Atletico mas de 19.5 entradas,1.0,1.83,2024-09-29,Análisis generado automáticamente.,picks/5/placeholder.webp,lost,-1.0,-1.0
5,1,8,pre_match,simple,Champions League,Aston Villa - Bayern Munich,Tielemans y Musiala mas de 0.5 faltas cada uno,1.0,1.8,2024-10-02,Análisis generado automáticamente.,picks/5/placeholder.webp,won,0.33,0.33
5,1,7,pre_match,simple,La Liga EA Sports,Valladolid - Rayo,Ratiu 2 o mas tackles,0.75,1.9,2024-10-05,Análisis generado automáticamente.,picks/5/placeholder.webp,lost,-0.75,-0.75
5,1,8,pre_match,combined,Premier League Premier League,West Ham - Ipswich Manchester City - Fulham,Gana el West Ham sin empate Gana el Manchester City,1.0,1.75,2024-10-05,Análisis generado automáticamente.,picks/5/placeholder.webp,won,0.75,0.75
5,1,1,pre_match,simple,La Liga EA Sports,Getafe - Osasuna,Areso 2 o mas tackles,0.5,2.45,2024-10-05,Análisis generado automáticamente.,picks/5/placeholder.webp,won,0.72,0.72
5,1,8,pre_match,simple,Premier League,Brentford - Wolves,Van den Berg 2 o mas tackles,0.75,2.1,2024-10-05,Análisis generado automáticamente.,picks/5/placeholder.webp,lost,-0.75,-0.75
5,1,4,pre_match,simple,Premier League,Brentford - Wolves,Van den Berg 1 o mas faltas,0.75,1.91,2024-10-05,Análisis generado automáticamente.,picks/5/placeholder.webp,won,0.68,0.68
5,1,9,pre_match,simple,La Liga EA Sports,Sevilla - Betis,Mas de 7.5 tarjetas,0.75,2.2,2024-10-06,Análisis generado automáticamente.,picks/5/placeholder.webp,won,0.9,0.9
5,1,1,pre_match,simple,La Liga EA Sports,Sevilla - Betis,Lo Celso mas de 0.5 tiros,1.0,1.73,2024-10-06,Análisis generado automáticamente.,picks/5/placeholder.webp,won,0.73,0.73
5,1,6,pre_match,combined,La Liga EA Sports Premier League,Alaves - Barcelona Brighton - Tottenham,"Barcelona gana con handicap +0,5 Mitoma mas de 0.5 entradas",1.0,1.74,2024-10-06,Análisis generado automáticamente.,picks/5/placeholder.webp,won,0.74,0.74
5,1,3,pre_match,simple,Premier League,Aston Villa - Manchester United,Tielemans y Bruno mas de 0.5 faltas cada uno,1.0,1.8,2024-10-06,Análisis generado automáticamente.,picks/5/placeholder.webp,lost,-1.0,-1.0
5,1,3,pre_match,combined,Clasificación Eurocopa sub21 Clasificación Eurocopa sub21,Islas Feroe vs Portugal Chipre vs Francia,Ambos no marcan en los 2 partidos,0.5,2.48,2024-10-11,Análisis generado automáticamente.,picks/5/placeholder.webp,lost,-0.5,-0.5
5,1,9,pre_match,simple,Nations League,Serbia vs Suiza,Mas de 4.5 tarjetas,1.0,1.85,2024-10-12,Análisis generado automáticamente.,picks/5/placeholder.webp,won,0.85,0.85
5,1,10,pre_match,simple,Nations League,Serbia vs Suiza,Xhaka 1 o mas tiros,1.0,1.61,2024-10-12,Análisis generado automáticamente.,picks/5/placeholder.webp,won,0.61,0.61
5,1,6,pre_match,simple,Premier League,Ipswich vs Everton,O'Shea 2 o mas entradas,0.75,2.05,2024-10-19,Análisis generado automáticamente.,picks/5/placeholder.webp,lost,-0.75,-0.75
5,1,7,pre_match,simple,La Liga EA Sports,Barcelona vs Sevilla,Kounde 2 o mas entradas,0.75,2.05,2024-10-20,Análisis generado automáticamente.,picks/5/placeholder.webp,won,0.78,0.78
5,1,2,pre_match,simple,La Liga EA Sports,Barcelona vs Sevilla,Pedrosa 2 o mas faltas,0.25,4.33,2024-10-20,Análisis generado automáticamente.,picks/5/placeholder.webp,lost,-0.25,-0.25
5,1,10,pre_match,simple,La Liga EA Sports,Barcelona vs Sevilla,Pedrosa 2 o mas entradas,0.75,1.71,2024-10-20,Análisis generado automáticamente.,picks/5/placeholder.webp,won,0.53,0.53
5,1,5,pre_match,simple,La Liga EA Sports,Barcelona vs Sevilla,Isaac 1 o mas fueras de juego,0.75,1.75,2024-10-20,Análisis generado automáticamente.,picks/5/placeholder.webp,won,0.56,0.56
5,1,6,pre_match,simple,La Liga EA Sports,Barcelona vs Sevilla,Lukebakio 1 o mas fueras de juego,0.25,2.9,2024-10-20,Análisis generado automáticamente.,picks/5/placeholder.webp,won,0.47,0.47
5,1,4,pre_match,simple,La Liga EA Sports,Barcelona vs Sevilla,Ejuke 1 o mas fueras de juego,0.25,3.4,2024-10-20,Análisis generado automáticamente.,picks/5/placeholder.webp,lost,-0.25,-0.25
5,1,10,pre_match,combined,Premier League La Liga EA Sports,Liverpool vs Chelsea Barcelona vs Sevilla,Gravenberch mas de 0.5 faltas Gana el Barcelona,1.0,1.77,2024-10-20,Análisis generado automáticamente.,picks/5/placeholder.webp,won,0.77,0.77
5,1,6,pre_match,simple,Premier League,Liverpool vs Chelsea,Caicedo y Szoboszlai mas de 0.5 faltas cada uno,1.0,1.8,2024-10-20,Análisis generado automáticamente.,picks/5/placeholder.webp,won,0.8,0.8
5,1,7,pre_match,combined,La Liga EA Sports Premier League,Atletico de Madrid vs Leganes Liverpool vs Chelsea,Gana el Atletico Enzo mas de 0.5 entradas,0.75,0.25,2024-10-20,Análisis generado automáticamente.,picks/5/placeholder.webp,won,0.25,0.24750000000000005
5,1,1,pre_match,simple,Premier League,Leicester vs Forest,Ndidi y Alex Moreno mas de 0.5 faltas cada uno,0.75,1.8,2024-10-25,Análisis generado automáticamente.,picks/5/placeholder.webp,won,0.6,0.6
5,1,6,pre_match,simple,La Liga EA Sports,Real Madrid vs Barcelona,Bellingham y Casado mas de 0.5 faltas cada uno y Mendy y Koundé mas de 0.5 entradas cada uno,0.75,1.8,2024-10-26,Análisis generado automáticamente.,picks/5/placeholder.webp,won,0.6,0.6
5,1,1,pre_match,combined,LaLiga EA Sports LaLiga EA Sports,Valladolid vs Villarreal Real Madrid vs Barcelona,Anuar mas de 0.5 remates Mas de 23.5 tiros libres,0.75,1.93,2024-10-26,Análisis generado automáticamente.,picks/5/placeholder.webp,won,0.69,0.69
5,1,4,pre_match,simple,Premier League,Everton vs Fulham,Smith Rowe 1 o mas entradas,1.0,1.52,2024-10-26,Análisis generado automáticamente.,picks/5/placeholder.webp,won,0.52,0.52
5,1,6,pre_match,simple,Premier League,Brighton vs Wovles,Veltman y Lemina 1 o mas faltas cada uno,0.75,1.78,2024-10-26,Análisis generado automáticamente.,picks/5/placeholder.webp,won,0.58,0.58
5,1,7,pre_match,combined,Premier League,Chelsea vs Newcastle Arsenal vs Liverpool,Enzo Fernandez mas de 0.5 faltas Darwin Nuñez mas de 0.5 faltas,0.75,1.9,2024-10-27,Análisis generado automáticamente.,picks/5/placeholder.webp,won,0.27,0.27
5,1,5,pre_match,simple,Copa del Rey,Vic vs Atletico de Madrid,Atletico gana a 0,1.0,1.6,2024-10-31,Análisis generado automáticamente.,picks/5/placeholder.webp,won,0.6,0.6
5,1,3,pre_match,combined,Premier League,Liverpool vs Brighton Bounemouth vs Manchester City,Darwin Nuñez mas de 0.5 faltas Lewis Cook mas de 0.5 faltas,1.0,1.71,2024-11-02,Análisis generado automáticamente.,picks/5/placeholder.webp,lost,-1.0,-1.0
5,1,7,pre_match,simple,Premier League,Southampton vs Everton,Lallana mas de 0.5 remates,1.0,1.66,2024-11-02,Análisis generado automáticamente.,picks/5/placeholder.webp,lost,-1.0,-1.0
5,1,6,pre_match,simple,La Liga EA Sports,Barcelona vs Espanyol,Puado 1 o mas fueras de juego,0.5,3.5,2024-11-03,Análisis generado automáticamente.,picks/5/placeholder.webp,won,1.25,1.25
5,1,2,pre_match,combined,Premier League,Wolves vs Crystal Palace Tottenham vs Aston Villa,Kamada mas de 0.5 faltas Solanke mas de 0.5 faltas,0.75,1.85,2024-11-03,Análisis generado automáticamente.,picks/5/placeholder.webp,lost,-0.75,-0.75
5,1,6,pre_match,simple,Copa del Rey,Chiclana vs Osasuna,Ambos no marcan y mas de 2.5 goles,1.0,1.79,2024-11-05,Análisis generado automáticamente.,picks/5/placeholder.webp,won,0.79,0.79
5,1,2,pre_match,simple,Premier League,Liverpool vs Aston Villa,Mac Allister y Digne mas de 0.5 faltas cada 1,1.0,1.72,2024-11-09,Análisis generado automáticamente.,picks/5/placeholder.webp,lost,-1.0,-1.0
5,1,10,pre_match,combined,Premier League,Liverpool vs Aston Villa,"Wolves gana con handicap +0,5 Tielemans hace mas de 0.5 faltas",1.0,1.73,2024-11-09,Análisis generado automáticamente.,picks/5/placeholder.webp,won,0.73,0.73
5,1,10,pre_match,simple,La Liga EA Sports,Real Madrid Osasuna,Areso 2 o mas entradas,1.0,1.78,2024-11-09,Análisis generado automáticamente.,picks/5/placeholder.webp,won,0.78,0.78
5,1,7,pre_match,simple,La Liga EA Sports,Real Madrid Osasuna,Gana Real Madrid y Areso comete falta,1.0,1.73,2024-11-09,Análisis generado automáticamente.,picks/5/placeholder.webp,won,0.73,0.73
5,1,1,pre_match,simple,La Liga EA Sports,Real Sociedad vs Barcelona,Balde 2 o mas entradas,0.25,3.5,2024-11-10,Análisis generado automáticamente.,picks/5/placeholder.webp,won,0.62,0.62
5,1,8,pre_match,combined,La Liga EA Sports,Getafe vs Girona,Armau 2 o mas entradas,1.0,1.73,2024-11-10,Análisis generado automáticamente.,picks/5/placeholder.webp,won,0.73,0.73
5,1,10,pre_match,combined,Premier League La Liga EA Sports,Forest vs Newcastle Real Sociedad vs Barcelona,"Joelinton 1 o mas remates Barcelona gana con handicap +0,5",1.0,1.71,2024-11-10,Análisis generado automáticamente.,picks/5/placeholder.webp,lost,-1.0,-1.0
5,1,7,pre_match,combined,Premier League La Liga EA Sports,Tottenham vs Ipswich Mallorca vs Atlético de Madrid,Tottenham gana Atlético empata o gana,1.0,1.82,2024-11-10,Análisis generado automáticamente.,picks/5/placeholder.webp,lost,-1.0,-1.0
5,1,6,pre_match,combined,Premier League La Liga EA Sports,Forest vs Newcastle Valladolid vs Athletic,Gibbs-White mas de 0.5 faltas Amallah mas de 0.5 remates,0.75,1.73,2024-11-10,Análisis generado automáticamente.,picks/5/placeholder.webp,won,0.33,0.33
5,1,9,pre_match,simple,Copa del Rey,Jove Español vs Real Sociedad,Ambos no marcan,1.0,1.78,2024-11-21,Análisis generado automáticamente.,picks/5/placeholder.webp,won,0.78,0.78
5,1,1,pre_match,simple,Premier League,Manchester City vs Tottenham,23 o mas faltas,0.75,2.38,2024-11-23,Análisis generado automáticamente.,picks/5/placeholder.webp,won,1.03,1.03
5,1,1,pre_match,simple,Premier League,Manchester City vs Tottenham,"Bernardo mas de 0,5 faltas y Tottenham mas de 5,5 remates",1.0,1.72,2024-11-23,Análisis generado automáticamente.,picks/5/placeholder.webp,won,0.72,0.72
5,1,8,pre_match,combined,Premier League,Bournemouth vs Brighton Aston Villa vs Crystal Palace,Lewis Cook mas de 0.5 faltas Doucouré mas de 0.5 faltas,1.0,1.63,2024-11-23,Análisis generado automáticamente.,picks/5/placeholder.webp,lost,-1.0,-1.0
5,1,9,pre_match,simple,Premier League,Aston Villa vs Crystal Palace,Barkley 1 o mas faltas,1.0,1.67,2024-11-23,Análisis generado automáticamente.,picks/5/placeholder.webp,lost,-1.0,-1.0
5,1,4,pre_match,simple,La Liga,Leganes vs Real Madrid,Cada equipo 1 o mas tarjetas Leganes mas de 7.5 remates,0.5,2.6,2024-11-24,Análisis generado automáticamente.,picks/5/placeholder.webp,lost,-0.5,-0.5
5,1,9,pre_match,simple,Premier League,Southampton vs Liverpool,Mateus Fernandes y Szobozslai mas de 0.5 faltas cada uno,1.0,1.8,2024-11-24,Análisis generado automáticamente.,picks/5/placeholder.webp,won,0.8,0.8
5,1,4,pre_match,simple,La Liga,Osasuna vs Villarreal,Pau Navarro 2 o mas entradas,1.0,1.82,2024-11-24,Análisis generado automáticamente.,picks/5/placeholder.webp,won,0.82,0.82
5,1,4,pre_match,combined,Premier League Premier League,Manchester City vs Tottenham Southampton vs Liverpool,Kulusevski mas de 0.5 faltas Mateus Fernandes mas de 0.5 faltas,1.0,1.7,2024-11-24,Análisis generado automáticamente.,picks/5/placeholder.webp,lost,-1.0,-1.0
5,1,3,pre_match,combined,Copa del Reay,Manises vs Getafe Parla Escuela vs Valencia,Ambos no marcan Ambos no marcan,1.0,1.86,2024-11-26,Análisis generado automáticamente.,picks/5/placeholder.webp,won,0.86,0.86
5,1,5,pre_match,simple,Champions League,Liverpool vs Real Madrid,Mac Allister y Bellingham mas de 0.5 faltas cada uno,1.0,1.83,2024-11-27,Análisis generado automáticamente.,picks/5/placeholder.webp,won,0.83,0.83
5,1,1,pre_match,combined,Premier League Premier League,Chelsea vs Aston Villa Liverpool vs Manchester City,"Jackson mas de 0,5 faltas Gravenberch mas de 0,5 faltas",0.75,1.97,2024-11-30,Análisis generado automáticamente.,picks/5/placeholder.webp,won,0.72,0.72
5,1,5,pre_match,combined,Premier League Premier League,Brentford vs Leicester Wolves vs Bournemouth,Ayew 1 o mas faltas Cunha 1 o mas faltas,0.75,1.91,2024-11-30,Análisis generado automáticamente.,picks/5/placeholder.webp,won,0.68,0.68
5,1,4,pre_match,simple,Premier League,Brentford vs Leicester,Van den Berg 1 o mas faltas,0.75,1.91,2024-11-30,Análisis generado automáticamente.,picks/5/placeholder.webp,won,0.68,0.68
5,1,10,pre_match,simple,Premier League,Liverpool vs Manchester City,Szobozslai y Nunes mas de 0.5 faltas cada uno,0.75,1.95,2024-12-01,Análisis generado automáticamente.,picks/5/placeholder.webp,won,0.71,0.71
5,1,3,pre_match,simple,Premier League,Liverpool vs Manchester City,Gakpo y Bernardo mas de 0.5 faltas cada uno,0.5,2.4,2024-12-01,Análisis generado automáticamente.,picks/5/placeholder.webp,lost,-0.5,-0.5
5,1,2,pre_match,combined,Copa del Rey Copa del Rey,Barbastro vs Espanyol Sant Andreu vs Betis,Gana el Espanyol Gana el Betis,1.0,1.71,2024-12-03,Análisis generado automáticamente.,picks/5/placeholder.webp,lost,-1.0,-1.0
5,1,4,pre_match,combined,Premier League Premier League,Newcastle vs Liverpool Bournemouth vs Tottenham,Darwin mas de 0.5 faltas Christie mas de 0.5 entradas,0.75,1.87,2024-12-04,Análisis generado automáticamente.,picks/5/placeholder.webp,won,0.65,0.65
5,1,6,pre_match,simple,Premier League,Newcastle vs Liverpool,Newcastle 12 o mas faltas,0.75,2.0,2024-12-04,Análisis generado automáticamente.,picks/5/placeholder.webp,lost,-0.75,-0.75
5,1,4,pre_match,combined,Copa del Rey Premier League,Sant Andreu vs Betis Arsenal vs Manchester United,Gana el Betis Havertz mas de 0.5 faltas,0.75,1.71,2024-12-04,Análisis generado automáticamente.,picks/5/placeholder.webp,won,0.53,0.53
5,1,10,pre_match,combined,Premier League La Liga,Brentford vs Newcastle Betis vs Barcelona,Thiago 1 o mas faltas Perraud 1 o mas faltas,0.75,1.83,2024-12-07,Análisis generado automáticamente.,picks/5/placeholder.webp,won,0.62,0.62
5,1,6,pre_match,combined,Premier League Copa del Rey,Man City vs Forest Ceuta vs Osasuna,Gana el City Se clasifica Osasuna,0.75,1.71,2024-12-07,Análisis generado automáticamente.,picks/5/placeholder.webp,won,0.53,0.53
5,1,10,pre_match,simple,La Liga,Atlético vs Sevilla,Llorente 2 o mas entradas,0.75,2.1,2024-12-08,Análisis generado automáticamente.,picks/5/placeholder.webp,won,0.82,0.82
5,1,1,pre_match,simple,Premier League,Tottenham vs Chelsea,"Bissouma, Maddison, Enzo y Jackson mas de 0,5 faltas cada uno",0.25,4.5,2024-12-08,Análisis generado automáticamente.,picks/5/placeholder.webp,lost,-0.25,-0.25
5,1,1,pre_match,simple,La Liga,Athletic vs Villarreal,Kiko Femenía 2 o mas entradas,0.75,1.71,2024-12-08,Análisis generado automáticamente.,picks/5/placeholder.webp,won,0.53,0.53
5,1,2,pre_match,simple,La Liga,Athletic vs Villarreal,Bernat 2 o mas entradas,0.75,1.93,2024-12-08,Análisis generado automáticamente.,picks/5/placeholder.webp,won,0.69,0.69
5,1,8,pre_match,combined,La Liga Premier League,Girona vs Real Madrid Ipswich vs Bournemouth,Real Madrid empata o gana Bournemouth empata o gana,1.0,1.73,2024-12-08,Análisis generado automáticamente.,picks/5/placeholder.webp,won,0.73,0.73
5,1,10,pre_match,combined,Champions League Champions League,Milan vs Estrella Roja Feyenord vs Sparta de Praga,Gana el Milan Gana el Feyenord,0.75,1.75,2024-12-11,Análisis generado automáticamente.,picks/5/placeholder.webp,won,0.56,0.56
5,1,6,pre_match,simple,Premier League,Wolves vs Ipswich,Wolves empata o gana y Cunha mas de 0.5 faltas,0.75,1.82,2024-12-14,Análisis generado automáticamente.,picks/5/placeholder.webp,lost,-0.75,-0.75
5,1,6,pre_match,combined,Premier League Premier League,Southampton vs Tottenham Bournemouth vs West Ham,Dibling mas de 0.5 entradas Lewis Cook mas de 0.5 faltas,0.75,1.82,2024-12-15,Análisis generado automáticamente.,picks/5/placeholder.webp,lost,-0.75,-0.75
5,1,3,pre_match,simple,La Liga,Villarreal vs Betis,Parejo 1 o mas faltas,0.75,1.83,2024-12-15,Análisis generado automáticamente.,picks/5/placeholder.webp,won,0.62,0.6200000000000001
5,1,2,pre_match,simple,Premier League,Man City vs Man United,Bruno Fernandes mas de 0.5 faltas,1.0,1.61,2024-12-15,Análisis generado automáticamente.,picks/5/placeholder.webp,won,0.61,0.61
5,1,5,pre_match,simple,Premier League,Man City vs Man United,Nunes mas de 0.5 faltas y Man United mas de 7.5 remates,0.75,1.9,2024-12-15,Análisis generado automáticamente.,picks/5/placeholder.webp,won,0.67,0.67
5,1,9,pre_match,combined,Copa de Francia La Liga,Corte vs Niza Barcelona vs Atlético,Ambos no marcan Pablo Barrios mas de 0.5 faltas,0.75,1.85,2024-12-21,Análisis generado automáticamente.,picks/5/placeholder.webp,lost,-0.75,-0.75
5,1,5,pre_match,simple,Copa de Francia,Feigines Aulnoye vs Lyon,Lyon gana a 0,1.0,1.61,2024-12-21,Análisis generado automáticamente.,picks/5/placeholder.webp,lost,-1.0,-1.0
5,1,3,pre_match,simple,Copa de Francia,Hauts Lyonais vs Toulouse,Ambos no marcan,1.0,1.61,2024-12-21,Análisis generado automáticamente.,picks/5/placeholder.webp,won,0.61,0.61
5,1,9,pre_match,combined,Copa de Francia,Funbet,Funbet,0.25,8.86,2024-12-21,Análisis generado automáticamente.,picks/5/placeholder.webp,lost,-0.25,-0.25
5,1,1,pre_match,simple,La Liga,Getafe vs Mallorca,Darder 1 o mas faltas,0.75,1.73,2024-12-21,Análisis generado automáticamente.,picks/5/placeholder.webp,lost,-0.75,-0.75
5,1,7,pre_match,simple,La Liga,Real Madrid vs Sevilla,Kike Salas 2 o mas entradas,0.75,2.25,2024-12-22,Análisis generado automáticamente.,picks/5/placeholder.webp,won,0.93,0.93
5,1,6,pre_match,simple,Premier League,Leicester vs Wolves,Ayew y Semedo 1 o mas faltas cada uno,0.75,1.77,2024-12-22,Análisis generado automáticamente.,picks/5/placeholder.webp,won,0.57,0.57
5,1,1,pre_match,combined,Premier League Premier League,Leicester vs Wolves Man United vs Bournemouth,Cunha 1 o mas faltas Tyler Addams 1 o mas faltas,0.75,1.88,2024-12-22,Análisis generado automáticamente.,picks/5/placeholder.webp,lost,-0.75,-0.75
5,1,7,pre_match,combined,Copa de Francia Copa de Francia,Saint Jean vs Monaco Mutzig vs Reims,Ambos no marcan Ambos no marcan,1.0,1.96,2024-12-22,Análisis generado automáticamente.,picks/5/placeholder.webp,lost,-1.0,-1.0
5,1,4,pre_match,simple,Premier League,Liverpool vs Leicester,Darwin Nuñez  y Jordan Ayew 1 o mas faltas cada uno,1.0,1.79,2024-12-26,Análisis generado automáticamente.,picks/5/placeholder.webp,won,0.79,0.79
5,1,3,pre_match,combined,Premier League Premier League,Forest vs Tottenham Wolves vs Man United,Tottenham gana con handicap +1.5 Cunha 1 o mas faltas,1.0,1.73,2024-12-26,Análisis generado automáticamente.,picks/5/placeholder.webp,lost,-1.0,-1.0
5,1,5,pre_match,simple,Premier League,Brighton vs Brentford,"Lewis Potter mas de 0.5 entradas, Roerslev mas de 0.5 entradas y Nordgard mas de 0.5 faltas",1.0,1.75,2024-12-27,Análisis generado automáticamente.,picks/5/placeholder.webp,won,0.75,0.75
5,1,7,pre_match,combined,Premier League Premier League,Leicester vs Man City West Ham vs Liverpool,Gana Man City Edson Alvarez mas de 0.5 faltas,1.0,1.77,2024-12-29,Análisis generado automáticamente.,picks/5/placeholder.webp,won,0.77,0.77
5,1,6,pre_match,simple,Premier League,Man City vs West Ham,Rico Lewis 2 o mas entradas,0.5,2.2,2025-01-04,Análisis generado automáticamente.,picks/5/placeholder.webp,lost,-0.5,-0.5
5,1,8,pre_match,simple,Premier League,Bournemouth vs Everton,Doucouré 2 o mas entradas,0.5,1.9,2025-01-04,Análisis generado automáticamente.,picks/5/placeholder.webp,won,0.45,0.45
5,1,4,pre_match,simple,Premier League,Tottenham vs Newcaslte,Bissouma y Bruno mas de 0.5 faltas cada uno,1.0,1.7,2025-01-04,Análisis generado automáticamente.,picks/5/placeholder.webp,won,0.28,0.28
5,1,10,pre_match,simple,Premier League,Tottenahm vs Newcastle,Spence mas de 0.5 faltas,0.75,1.66,2025-01-04,Análisis generado automáticamente.,picks/5/placeholder.webp,won,0.66,0.66
5,1,6,pre_match,simple,Premier League,Liverpool vs Manchester United,Gravenberch y Bruno Fernandes mas de 0.5 faltas cada uno,0.75,1.8,2025-01-05,Análisis generado automáticamente.,picks/5/placeholder.webp,won,0.6,0.6
5,1,1,pre_match,combined,Premier League Copa del Rey,Fulham vs Ipswich Racing vs Celta,Morsy mas de 0.5 faltas Se clasifica el Celta,0.75,1.73,2025-01-05,Análisis generado automáticamente.,picks/5/placeholder.webp,won,0.54,0.54
5,1,9,pre_match,simple,Copa del Rey,Elche vs Las Palmas,Se clasifica el Las Palmas,0.5,2.05,2025-01-05,Análisis generado automáticamente.,picks/5/placeholder.webp,lost,-0.5,-0.5
5,1,4,pre_match,combined,Copa del Rey Premier League,Racing vs Celta Wolves vs Forest,"Mas de 1,5 goles Guedes mas de 0,5 faltas",0.5,2.38,2025-01-06,Análisis generado automáticamente.,picks/5/placeholder.webp,won,0.69,0.69
5,1,1,pre_match,combined,Copa del Rey Premier League,Tenerife vs Osasuna Wolves vs Forest,"Osasuna se clasifica Andersson mas de 0,5 faltas",1.0,1.71,2025-01-06,Análisis generado automáticamente.,picks/5/placeholder.webp,won,0.71,0.71
5,1,7,pre_match,combined,Copa del Rey Premier League,Huesca vs Betis Wolves vs Forest,"Betis se clasifica Hwang Hee Chan mas de 0,5 faltas",0.75,1.96,2025-01-06,Análisis generado automáticamente.,picks/5/placeholder.webp,won,0.72,0.72
5,1,4,pre_match,simple,Copa del Rey,Deportiva Minera vs Real Madrid,Ambos no marcan,1.0,1.62,2025-01-06,Análisis generado automáticamente.,picks/5/placeholder.webp,won,0.62,0.62
5,1,10,pre_match,combined,EFL Cup EFL Cup,Arsenal vs Newcastle Tottenham vs Liverpool,Tonali mas de 0.5 faltas Bissouma mas de 0.5 faltas,0.75,1.75,2025-01-08,Análisis generado automáticamente.,picks/5/placeholder.webp,lost,-0.75,-0.75
5,1,6,pre_match,simple,La Liga,Sevilla vs Valencia,Foulquier 2 o mas entradas,0.75,1.75,2025-01-11,Análisis generado automáticamente.,picks/5/placeholder.webp,lost,-0.75,-0.75
5,1,9,pre_match,simple,La Liga,Las Palmas vs Getafe,Mas de 4.0 tarjetas,0.75,1.87,2025-01-12,Análisis generado automáticamente.,picks/5/placeholder.webp,won,0.65,0.65
5,1,9,pre_match,combined,FA Cup Supercopa de España,Liverpool vs Accrington Real Madrid vs Barcelona,Morton mas de 0.5 entradas Bellingham mas de 0.5 faltas,0.75,1.85,2025-01-12,Análisis generado automáticamente.,picks/5/placeholder.webp,lost,-0.75,-0.75
5,1,5,pre_match,simple,Supercopa de España,Real Madrid vs Barcelona,Mendy 2 o mas entradas,0.75,1.95,2025-01-12,Análisis generado automáticamente.,picks/5/placeholder.webp,lost,-0.75,-0.75
5,1,3,pre_match,simple,Supercopa de España,Real Madrid vs Barcelona,Koundé 2 o mas entradas,1.0,1.87,2025-01-12,Análisis generado automáticamente.,picks/5/placeholder.webp,won,0.87,0.87
5,1,4,pre_match,simple,La Liga,Las Palmas vs Getafe,Javi Muñoz 2 o mas entradas,0.75,2.15,2025-01-12,Análisis generado automáticamente.,picks/5/placeholder.webp,won,0.86,0.86
5,1,2,pre_match,combined,LaLiga EA Sports Premier League,Barcelona - Barcelona  Newcastle - Newcastle,Barcelona acaba en el TOP 4 Newcastle NO acaba en TOP 4,3.0,1.7,2025-05-31,Análisis generado automáticamente.,picks/5/placeholder.webp,lost,2.48,nan
5,1,9,pre_match,simple,LaLiga EA Sports,Atlético de Madrid - Atlético de Madrid,Atlético de Madrid Top 4,2.0,1.61,2025-05-31,Análisis generado automáticamente.,picks/5/placeholder.webp,lost,2.48,nan
5,1,5,pre_match,combined,LaLiga EA Sports Premier League,Atlético - Girona Everton - Everton,Atlético queda por encima del Girona Everton NO desciende,2.5,1.77,2025-05-31,Análisis generado automáticamente.,picks/5/placeholder.webp,lost,2.48,nan
5,1,9,pre_match,combined,Premier League Premier League,Bournemouth - Bournemouth West Ham - Forest,Bournemouth no acaba en el TOP10 West Ham acaba delante del Forest,2.0,1.8,2025-05-31,Análisis generado automáticamente.,picks/5/placeholder.webp,lost,2.48,nan
5,1,8,pre_match,combined,Premier League Premier League,Bournemouth - Leicester  Burnley - Burnley,Bournemouth acaba por delante del Leicester Burnley acaba entre los 6 primeros,2.0,2.0,2025-05-31,Análisis generado automáticamente.,picks/5/placeholder.webp,lost,2.48,nan
5,1,4,pre_match,combined,Premier League La Liga EA Sports,Ipswich - Ipswich  Leganes - Leganes,Desciendo el Ipswich Desciende el Leganes,1.0,4.5,2025-05-31,Análisis generado automáticamente.,picks/5/placeholder.webp,lost,2.48,nan
5,1,3,pre_match,combined,La Liga EA Sports Premier League,Girona - Girona  Arsenal - Tottenham,Girona TOP 4: NO Arsenal acaba por delante del Tottenham,2.5,1.72,2025-05-31,Análisis generado automáticamente.,picks/5/placeholder.webp,lost,2.48,nan
5,1,10,pre_match,simple,LaLiga EA Sports,Villarreal - Villarreal,Villarreal TOP 4,0.25,11.0,2025-05-31,Análisis generado automáticamente.,picks/5/placeholder.webp,lost,2.48,nan
5,1,4,pre_match,simple,LaLiga EA Sports,Villarreal - Villarreal,Villarreal TOP 6,1.5,3.7,2025-05-31,Análisis generado automáticamente.,picks/5/placeholder.webp,lost,2.48,nan
5,1,2,pre_match,simple,LaLiga EA Sports,Real Madrid - Real Madrid,Real Madrid menos de 88.5 puntos,2.0,1.85,2025-05-31,Análisis generado automáticamente.,picks/5/placeholder.webp,lost,2.48,nan
5,1,7,pre_match,simple,La Liga EA Sports,Valladolid - Valladolid,Valladolid desciende,1.5,2.75,2025-05-31,Análisis generado automáticamente.,picks/5/placeholder.webp,lost,2.48,nan
